index,name,val_Freq,amp_Freq,amp_Time,num_burst,passage
0,HFocusing_5_10_2um2_0_1001.npy2307.npy,35.2,52.65941958746305,0.2669617406466849,11.0,0.34299999999999997
0,HFocusing_5_10_2um2_0_1001.npy2308.npy,16.0,50.17683422447568,0.1650689206495021,16.0,1.017
0,HFocusing_5_10_2um2_0_1001.npy2309.npy,16.0,49.36083364446466,0.12081869804716737,16.0,0.9575
0,HFocusing_5_10_2um2_0_1004.npy2310.npy,24.0,48.73301769419764,0.17397176896034075,21.0,0.91
0,HFocusing_5_10_2um2_0_1005.npy2311.npy,12.8,64.66607496619751,0.157165215677521,14.0,1.1315
0,HFocusing_5_10_2um2_0_1009.npy2312.npy,13.6,70.66295974143418,0.143588817349281,15.0,1.0614999999999999
0,HFocusing_5_10_2um2_0_1011.npy2313.npy,8.8,44.45536324059027,0.12934226363412382,10.0,1.026
0,HFocusing_5_10_2um2_0_1011.npy2314.npy,8.8,47.49245929411186,0.1050495200273366,10.0,1.02
0,HFocusing_5_10_2um2_0_1015.npy2315.npy,27.2,28.325985175129862,0.15911166024496406,28.0,1.0545
0,HFocusing_5_10_2um2_0_1015.npy2316.npy,27.2,28.325985175129862,0.15911166024496406,28.0,1.0545
0,HFocusing_5_10_2um2_0_1015.npy2317.npy,25.6,43.97522602291831,0.1607018369742814,13.0,0.477
0,HFocusing_5_10_2um2_0_102.npy2318.npy,34.4,45.13924461719044,0.1821798484524958,18.0,0.555
0,HFocusing_5_10_2um2_0_102.npy2319.npy,37.6,120.57473849535711,0.5367620598370313,16.0,0.439
0,HFocusing_5_10_2um2_0_1023.npy2320.npy,16.8,53.047122155534694,0.1516032346298464,16.0,0.9724999999999999
0,HFocusing_5_10_2um2_0_1027.npy2321.npy,13.6,55.207124466068805,0.1427702799766652,13.0,0.888
0,HFocusing_5_10_2um2_0_1030.npy2322.npy,12.0,74.66570226453162,0.1491873352764472,11.0,0.9295
0,HFocusing_5_10_2um2_0_1034.npy2323.npy,19.2,54.079610508897865,0.1995791895710692,20.0,1.0585
0,HFocusing_5_10_2um2_0_1037.npy2324.npy,16.8,58.48041519954234,0.22111791159315447,16.0,0.968
0,HFocusing_5_10_2um2_0_1037.npy2325.npy,16.8,28.532423271816832,0.13696502055849,17.0,1.021
0,HFocusing_5_10_2um2_0_1041.npy2326.npy,24.0,77.38187058094752,0.3443648206099667,26.0,1.085
0,HFocusing_5_10_2um2_0_105.npy2330.npy,34.4,34.923592867602565,0.18565556735035918,13.0,0.382
0,HFocusing_5_10_2um2_0_105.npy2331.npy,33.6,34.91950104179851,0.18478154182145123,17.0,0.5185
0,HFocusing_5_10_2um2_0_105.npy2332.npy,34.4,35.716089273581154,0.18480982769890153,12.0,0.382
0,HFocusing_5_10_2um2_0_1051.npy2333.npy,24.8,43.10746017068416,0.1853042962588394,15.0,0.6114999999999999
0,HFocusing_5_10_2um2_0_1051.npy2334.npy,24.8,16.43174755728178,0.09674589833181696,16.0,0.6705
0,HFocusing_5_10_2um2_0_1052.npy2335.npy,32.8,139.30352291185676,0.35747351241078024,31.0,0.9510000000000001
0,HFocusing_5_10_2um2_0_1052.npy2336.npy,32.8,128.1836534624279,0.3508067030092378,27.0,0.8095
0,HFocusing_5_10_2um2_0_1056.npy2337.npy,28.0,51.39023064364192,0.1544141368720511,17.0,0.61
0,HFocusing_5_10_2um2_0_1056.npy2338.npy,25.6,32.01606748306319,0.16874183306743717,16.0,0.6765
0,HFocusing_5_10_2um2_0_1059.npy2339.npy,24.0,52.24960211700083,0.18267747548103003,15.0,0.64
0,HFocusing_5_10_2um2_0_1062.npy2340.npy,18.4,44.5623780270439,0.166429130356348,16.0,0.8845
0,HFocusing_5_10_2um2_0_1062.npy2341.npy,17.6,54.2708163351512,0.1648372892708369,14.0,0.8095
0,HFocusing_5_10_2um2_0_1063.npy2342.npy,16.0,54.668130020121126,0.14923397440894698,17.0,1.1375
0,HFocusing_5_10_2um2_0_1067.npy2343.npy,15.2,58.96067513591585,0.1883870532136545,14.0,0.9335
0,HFocusing_5_10_2um2_0_1070.npy2344.npy,23.2,21.31667041703505,0.1604393992402332,22.0,0.983
0,HFocusing_5_10_2um2_0_1073.npy2345.npy,27.2,34.118915050098956,0.198306165683125,24.0,0.8965000000000001
0,HFocusing_5_10_2um2_0_1078.npy2346.npy,16.8,50.366485887229224,0.1881817221464778,16.0,1.013
0,HFocusing_5_10_2um2_0_1078.npy2347.npy,27.2,20.626665917968733,0.10266013436019039,26.0,1.0345
0,HFocusing_5_10_2um2_0_1078.npy2348.npy,29.6,25.195091438272325,0.13393691977563132,20.0,0.713
0,HFocusing_5_10_2um2_0_1086.npy2349.npy,12.0,64.10371589600467,0.13783722385007827,14.0,1.0855000000000001
0,HFocusing_5_10_2um2_0_1090.npy2350.npy,21.6,58.45325454844754,0.17034288939592782,21.0,1.0395
0,HFocusing_5_10_2um2_0_1092.npy2351.npy,12.8,71.75313553297549,0.16097752629130307,15.0,1.0705
0,HFocusing_5_10_2um2_0_1097.npy2352.npy,16.8,57.378150773387226,0.19673518753871866,15.0,0.91
0,HFocusing_5_10_2um2_0_1101.npy2353.npy,39.2,29.707377645332325,0.10137168034038781,32.0,0.85
0,HFocusing_5_10_2um2_0_1101.npy2354.npy,30.4,51.28396361146967,0.1205538167529141,30.0,1.0645
0,HFocusing_5_10_2um2_0_1104.npy2355.npy,12.0,91.54324810250131,0.16685000684193926,12.0,1.0095
0,HFocusing_5_10_2um2_0_1107.npy2356.npy,26.4,24.567706754456264,0.12824213696568917,14.0,0.532
0,HFocusing_5_10_2um2_0_1108.npy2357.npy,24.8,59.95751160044765,0.23314633014986214,16.0,0.7374999999999999
0,HFocusing_5_10_2um2_0_1108.npy2358.npy,24.8,27.044922496890035,0.1098978988587174,19.0,0.828
0,HFocusing_5_10_2um2_0_1116.npy2361.npy,19.2,50.93945904498642,0.14047032943736418,17.0,0.9115
0,HFocusing_5_10_2um2_0_1118.npy2362.npy,28.0,43.56807706245805,0.19628041954587658,17.0,0.6515
0,HFocusing_5_10_2um2_0_1119.npy2363.npy,25.6,61.20032175532025,0.18674210972862307,13.0,0.525
0,HFocusing_5_10_2um2_0_1122.npy2366.npy,28.0,35.59189724790502,0.16212322650784797,17.0,0.646
0,HFocusing_5_10_2um2_0_1125.npy2367.npy,29.6,40.01333484016629,0.16402366899545365,28.0,1.0305
0,HFocusing_5_10_2um2_0_1125.npy2368.npy,29.6,36.03291357416817,0.16398987430516393,13.0,0.453
0,HFocusing_5_10_2um2_0_1125.npy2370.npy,16.0,34.300839554490146,0.10445173440782156,14.0,0.8635
0,HFocusing_5_10_2um2_0_1125.npy2371.npy,17.6,78.79846455134891,0.21103078290806965,14.0,0.7595
0,HFocusing_5_10_2um2_0_1125.npy2372.npy,29.6,36.14087684860454,0.14352555011278784,13.0,0.453
0,HFocusing_5_10_2um2_0_1125.npy2373.npy,17.6,43.32817067718478,0.12552732854118923,14.0,0.841
0,HFocusing_5_10_2um2_0_1129.npy2374.npy,14.4,170.85996163097437,0.4513277240795072,14.0,1.0455
0,HFocusing_5_10_2um2_0_113.npy2375.npy,23.2,58.268447348881544,0.20616774860671414,17.0,0.7865
0,HFocusing_5_10_2um2_0_113.npy2376.npy,15.2,95.15723574623945,0.279124334404732,14.0,0.8785000000000001
0,HFocusing_5_10_2um2_0_1133.npy2377.npy,16.8,64.02063566971647,0.3037771086679713,10.0,0.6085
0,HFocusing_5_10_2um2_0_1133.npy2378.npy,17.6,71.35696704036789,0.3039615364692678,12.0,0.722
0,HFocusing_5_10_2um2_0_1136.npy2379.npy,19.2,62.80840218248589,0.1677513467892881,16.0,0.7995
0,HFocusing_5_10_2um2_0_1146.npy2381.npy,25.6,38.38894130377208,0.16358287965547322,18.0,0.7665000000000001
0,HFocusing_5_10_2um2_0_1146.npy2382.npy,25.6,46.551949625840656,0.1830087530424386,21.0,0.8455
0,HFocusing_5_10_2um2_0_1153.npy2384.npy,28.8,57.528155260999085,0.25894202935209865,11.0,0.3845
0,HFocusing_5_10_2um2_0_1153.npy2385.npy,28.8,55.77268690269131,0.2582184886216997,14.0,0.457
0,HFocusing_5_10_2um2_0_1158.npy2388.npy,27.2,60.53950062851848,0.21314338581047854,17.0,0.625
0,HFocusing_5_10_2um2_0_116.npy2389.npy,32.0,36.86246633259256,0.15803515732415815,31.0,1.018
0,HFocusing_5_10_2um2_0_1161.npy2390.npy,25.6,34.42405136452764,0.11992548005179852,17.0,0.7110000000000001
0,HFocusing_5_10_2um2_0_1162.npy2393.npy,24.0,33.77524062641062,0.19341953551341665,22.0,0.9095000000000001
0,HFocusing_5_10_2um2_0_1179.npy2395.npy,30.4,33.76589453783407,0.2260682029220826,26.0,0.9085
0,HFocusing_5_10_2um2_0_1180.npy2397.npy,20.8,95.26359639623746,0.42890093374327637,23.0,1.1165
0,HFocusing_5_10_2um2_0_1183.npy2398.npy,24.0,51.6044817860487,0.17966616864117016,12.0,0.545
0,HFocusing_5_10_2um2_0_1183.npy2399.npy,16.8,76.43236456777028,0.22170505998064077,14.0,0.8165
0,HFocusing_5_10_2um2_0_1185.npy2401.npy,24.8,45.495611326088834,0.16959189737489677,18.0,0.7395
0,HFocusing_5_10_2um2_0_1189.npy2402.npy,14.4,51.39336175633717,0.21979119723410206,14.0,1.131
0,HFocusing_5_10_2um2_0_1196.npy2404.npy,13.6,72.93097177497359,0.17012418705740132,14.0,0.9575
0,HFocusing_5_10_2um2_0_1204.npy2406.npy,30.4,20.203913740110956,0.10085507713888198,14.0,0.49
0,HFocusing_5_10_2um2_0_1207.npy2407.npy,32.8,91.34393787647413,0.4152230731876707,15.0,0.444
0,HFocusing_5_10_2um2_0_1207.npy2409.npy,16.8,78.01695333270452,0.3057859649166959,14.0,0.882
0,HFocusing_5_10_2um2_0_1207.npy2410.npy,10.4,75.67754389659864,0.13821382014718075,11.0,1.1125
0,HFocusing_5_10_2um2_0_1207.npy2411.npy,17.6,75.17201844815438,0.20469277008054315,15.0,0.8755
0,HFocusing_5_10_2um2_0_1210.npy2413.npy,17.6,43.504962709384166,0.15230093212078702,17.0,1.0245
0,HFocusing_5_10_2um2_0_1213.npy2414.npy,28.8,598.9627206542307,2.3237593670570043,16.0,0.5605
0,HFocusing_5_10_2um2_0_1216.npy2416.npy,35.2,34.78823383518815,0.18132608366135428,22.0,0.6515
0,HFocusing_5_10_2um2_0_1223.npy2419.npy,28.8,29.804945665318368,0.15691379031627453,14.0,0.5289999999999999
0,HFocusing_5_10_2um2_0_1223.npy2420.npy,17.6,55.659459659882124,0.15027704871260875,19.0,1.054
0,HFocusing_5_10_2um2_0_1223.npy2421.npy,28.8,29.946244380152464,0.1353983018231162,19.0,0.6855
0,HFocusing_5_10_2um2_0_1223.npy2422.npy,17.6,40.454755634116744,0.09194392074222382,19.0,1.089
0,HFocusing_5_10_2um2_0_1229.npy2424.npy,16.0,63.74662131347199,0.17852008868626748,13.0,0.8394999999999999
0,HFocusing_5_10_2um2_0_1232.npy2425.npy,28.8,37.974377167115975,0.15025872546307845,22.0,0.7675
0,HFocusing_5_10_2um2_0_1236.npy2426.npy,29.6,45.48882391089985,0.18547845711616218,17.0,0.614
0,HFocusing_5_10_2um2_0_1237.npy2428.npy,12.0,82.22944837826392,0.14060920054617368,13.0,1.0945
0,HFocusing_5_10_2um2_0_124.npy2429.npy,36.8,29.851990896257615,0.18367288664761264,32.0,0.8885
0,HFocusing_5_10_2um2_0_1244.npy2431.npy,26.4,37.52173802260116,0.14733487761596903,17.0,0.6555000000000001
0,HFocusing_5_10_2um2_0_1250.npy2432.npy,14.4,39.94582586022238,0.15052179693891074,10.0,0.6539999999999999
0,HFocusing_5_10_2um2_0_1254.npy2433.npy,14.4,46.37352866052632,0.16344073561163766,15.0,1.01
0,HFocusing_5_10_2um2_0_1257.npy2434.npy,14.4,38.34654572029957,0.13772927301795784,15.0,1.066
0,HFocusing_5_10_2um2_0_1257.npy2435.npy,14.4,56.67274048376533,0.14515475327282806,15.0,1.0995
0,HFocusing_5_10_2um2_0_1267.npy2436.npy,16.0,69.31200662145838,0.1705878709383367,14.0,0.815
0,HFocusing_5_10_2um2_0_127.npy2437.npy,32.0,36.018525289826236,0.1750025567527655,13.0,0.4095
0,HFocusing_5_10_2um2_0_1271.npy2438.npy,33.6,36.017273930037156,0.1757739383883696,16.0,0.4785
0,HFocusing_5_10_2um2_0_1274.npy2440.npy,18.4,34.11981692400634,0.14774608705743927,21.0,1.1135
0,HFocusing_5_10_2um2_0_1277.npy2441.npy,16.0,56.592953163323834,0.18202364561798096,14.0,0.949
0,HFocusing_5_10_2um2_0_128.npy2442.npy,12.0,63.168752526642876,0.1653228404444233,14.0,1.0655000000000001
0,HFocusing_5_10_2um2_0_1280.npy2444.npy,17.6,49.67983783073737,0.24316246046036327,15.0,0.8215
0,HFocusing_5_10_2um2_0_1287.npy2445.npy,27.2,46.133060974828425,0.21460944208882318,20.0,0.852
0,HFocusing_5_10_2um2_0_1287.npy2446.npy,27.2,47.71534099090245,0.2146119001192493,21.0,0.888
0,HFocusing_5_10_2um2_0_1292.npy2449.npy,31.2,27.991492057960627,0.12564605482839583,30.0,0.9940000000000001
0,HFocusing_5_10_2um2_0_1296.npy2450.npy,14.4,59.2285497283669,0.14468836067725588,15.0,1.0395
0,HFocusing_5_10_2um2_0_1299.npy2451.npy,17.6,65.37111520175758,0.16153149255848306,15.0,0.8605
0,HFocusing_5_10_2um2_0_1302.npy2452.npy,10.4,54.26809173616362,0.19844357934396534,12.0,1.0790000000000002
0,HFocusing_5_10_2um2_0_1302.npy2454.npy,19.2,75.80131513634589,0.19457443933576318,15.0,0.834
0,HFocusing_5_10_2um2_0_1305.npy2456.npy,18.4,22.987002769298748,0.10289558263414325,17.0,0.9425
0,HFocusing_5_10_2um2_0_1309.npy2457.npy,24.8,29.992422194213376,0.15901037307825253,19.0,0.8855
0,HFocusing_5_10_2um2_0_1313.npy2459.npy,28.0,25.678086771283013,0.1711257033015101,13.0,0.496
0,HFocusing_5_10_2um2_0_1313.npy2460.npy,28.0,25.678086771283013,0.1711257033015101,13.0,0.496
0,HFocusing_5_10_2um2_0_1313.npy2461.npy,29.6,53.89477844300131,0.2618196649664068,22.0,0.789
0,HFocusing_5_10_2um2_0_132.npy2463.npy,17.6,55.52029916130401,0.16403023581886025,16.0,0.9695
0,HFocusing_5_10_2um2_0_132.npy2465.npy,31.2,28.27547442872943,0.12895254120280977,23.0,0.7435
0,HFocusing_5_10_2um2_0_1320.npy2466.npy,32.0,19.343409130542756,0.08176495527601628,29.0,0.9105
0,HFocusing_5_10_2um2_0_1321.npy2467.npy,35.2,79.0829852803211,0.3737755409396584,15.0,0.4355
0,HFocusing_5_10_2um2_0_1334.npy2468.npy,32.8,35.90393236276919,0.21500070969751445,13.0,0.40700000000000003
0,HFocusing_5_10_2um2_0_1334.npy2469.npy,29.6,40.665547947251056,0.17708524173523169,20.0,0.722
0,HFocusing_5_10_2um2_0_1334.npy2470.npy,32.8,34.91919967255906,0.21493948414055766,13.0,0.406
0,HFocusing_5_10_2um2_0_1337.npy2471.npy,29.6,39.87125490076343,0.19859436312818382,20.0,0.6835
0,HFocusing_5_10_2um2_0_1337.npy2474.npy,29.6,48.80402689450368,0.19722835941508027,21.0,0.7110000000000001
0,HFocusing_5_10_2um2_0_1337.npy2475.npy,21.6,16.480583086381312,0.06724520194177404,19.0,0.8965000000000001
0,HFocusing_5_10_2um2_0_1337.npy2476.npy,21.6,15.805573339928321,0.06725991476599098,19.0,0.894
0,HFocusing_5_10_2um2_0_134.npy2478.npy,35.2,91.77602310816722,0.3509959783208611,16.0,0.4665
0,HFocusing_5_10_2um2_0_134.npy2479.npy,33.6,40.79537697513192,0.21855662264282416,14.0,0.3955
0,HFocusing_5_10_2um2_0_1345.npy2481.npy,20.0,58.253480575025115,0.1765186427594891,12.0,0.5630000000000001
0,HFocusing_5_10_2um2_0_1352.npy2484.npy,34.4,40.166235511348916,0.14110785696582637,28.0,0.8315
0,HFocusing_5_10_2um2_0_1356.npy2486.npy,31.2,30.422302760269933,0.10675308626521311,18.0,0.58
0,HFocusing_5_10_2um2_0_1359.npy2488.npy,33.6,45.06696832152729,0.16985978364079524,17.0,0.5325
0,HFocusing_5_10_2um2_0_1365.npy2489.npy,28.0,43.43881690946242,0.17180973099735405,16.0,0.6244999999999999
0,HFocusing_5_10_2um2_0_1366.npy2490.npy,30.4,58.916313044520756,0.27129904278029887,18.0,0.621
0,HFocusing_5_10_2um2_0_137.npy2491.npy,32.0,44.92970946611221,0.19333922960750793,20.0,0.6365000000000001
0,HFocusing_5_10_2um2_0_137.npy2492.npy,28.8,26.045594556313528,0.140416332917295,26.0,0.9575
0,HFocusing_5_10_2um2_0_1377.npy2493.npy,36.8,40.845771192144,0.1806853350923129,24.0,0.823
0,HFocusing_5_10_2um2_0_1377.npy2494.npy,34.4,27.889924182059545,0.1300483830259141,24.0,0.7374999999999999
0,HFocusing_5_10_2um2_0_1377.npy2495.npy,32.8,40.91772739771433,0.19341186023638346,18.0,0.579
0,HFocusing_5_10_2um2_0_138.npy2497.npy,13.6,124.13988628325313,0.3144606910758598,13.0,0.9085
0,HFocusing_5_10_2um2_0_1380.npy2498.npy,13.6,117.92387742799161,0.2712335943196369,14.0,1.034
0,HFocusing_5_10_2um2_0_1389.npy2499.npy,34.4,74.47893796243196,0.34564499048583985,14.0,0.4165
0,HFocusing_5_10_2um2_0_1393.npy2501.npy,28.0,32.87973053331372,0.15231254169756,11.0,0.37
0,HFocusing_5_10_2um2_0_14.npy2503.npy,19.2,43.11077549815524,0.15757110519678924,16.0,0.859
0,HFocusing_5_10_2um2_0_1400.npy2504.npy,28.0,31.058804312276678,0.13996243289122162,18.0,0.657
0,HFocusing_5_10_2um2_0_1400.npy2506.npy,28.0,34.528956263623286,0.13373078599817903,25.0,0.9420000000000001
0,HFocusing_5_10_2um2_0_1407.npy2510.npy,15.2,41.34631437764086,0.10540632282547568,15.0,0.993
0,HFocusing_5_10_2um2_0_1411.npy2511.npy,12.0,80.09723369286763,0.18227982318608638,13.0,1.0375
0,HFocusing_5_10_2um2_0_1415.npy2512.npy,23.2,41.42307610046737,0.14547449907945945,17.0,0.7515
0,HFocusing_5_10_2um2_0_1415.npy2513.npy,16.0,53.139483799865566,0.16221934350208989,14.0,0.8720000000000001
0,HFocusing_5_10_2um2_0_142.npy2515.npy,23.2,85.44371299864943,0.23697498682620935,16.0,0.7035
0,HFocusing_5_10_2um2_0_142.npy2516.npy,23.2,78.2701712144138,0.23708716383359357,12.0,0.5235
0,HFocusing_5_10_2um2_0_142.npy2517.npy,23.2,82.62285900899506,0.2369497773250342,17.0,0.7835
0,HFocusing_5_10_2um2_0_1425.npy2518.npy,12.0,75.4978477534029,0.1512598854069299,13.0,1.0215
0,HFocusing_5_10_2um2_0_1429.npy2519.npy,16.0,48.90572795404173,0.154998692062067,14.0,0.8254999999999999
0,HFocusing_5_10_2um2_0_1432.npy2520.npy,20.0,65.50750945866913,0.19360118200412105,13.0,0.662
0,HFocusing_5_10_2um2_0_1436.npy2521.npy,28.8,71.33292640723616,0.26570565817578684,23.0,0.8069999999999999
0,HFocusing_5_10_2um2_0_1444.npy2524.npy,11.2,56.02180155142925,0.271579548125703,6.0,0.5934999999999999
0,HFocusing_5_10_2um2_0_1447.npy2526.npy,27.2,36.03092941760943,0.19131090043265161,25.0,0.9475
0,HFocusing_5_10_2um2_0_1448.npy2527.npy,18.4,52.575771430703966,0.17430657428235338,16.0,0.9175
0,HFocusing_5_10_2um2_0_145.npy2528.npy,23.2,51.63942251215116,0.16737236499807817,22.0,0.987
0,HFocusing_5_10_2um2_0_1452.npy2529.npy,36.8,48.674122844313466,0.3357444529597128,14.0,0.3625
0,HFocusing_5_10_2um2_0_1452.npy2530.npy,36.0,50.6807348861779,0.3359591178535242,14.0,0.39399999999999996
0,HFocusing_5_10_2um2_0_1463.npy2533.npy,34.4,42.81093303305588,0.17844538691979786,29.0,0.883
0,HFocusing_5_10_2um2_0_1463.npy2534.npy,34.4,38.09446391605135,0.1957168091841418,13.0,0.41350000000000003
0,HFocusing_5_10_2um2_0_1466.npy2535.npy,31.2,20.43917716282425,0.09967961152946256,13.0,0.423
0,HFocusing_5_10_2um2_0_1467.npy2536.npy,23.2,68.50258942975704,0.2304635910796581,13.0,0.565
0,HFocusing_5_10_2um2_0_1467.npy2537.npy,23.2,33.15347741087693,0.09673478400753407,15.0,0.6655
0,HFocusing_5_10_2um2_0_1470.npy2538.npy,32.0,69.34404154510544,0.35547069841751827,12.0,0.375
0,HFocusing_5_10_2um2_0_1470.npy2539.npy,32.0,67.14225102557921,0.3557406107183895,13.0,0.439
0,HFocusing_5_10_2um2_0_1470.npy2540.npy,27.2,38.579334569114145,0.17373386558454443,13.0,0.5255000000000001
0,HFocusing_5_10_2um2_0_1474.npy2542.npy,20.8,48.68081069320103,0.15153208192632298,17.0,0.8285
0,HFocusing_5_10_2um2_0_1477.npy2543.npy,18.4,31.942296750859104,0.12223617538246802,18.0,0.9964999999999999
0,HFocusing_5_10_2um2_0_1477.npy2544.npy,17.6,83.0102457784891,0.25296209278200554,14.0,0.8155
0,HFocusing_5_10_2um2_0_1484.npy2545.npy,25.6,39.013062054051204,0.12092602511238215,19.0,0.743
0,HFocusing_5_10_2um2_0_1484.npy2546.npy,28.0,30.44227844104415,0.13668331881969145,24.0,0.9065
0,HFocusing_5_10_2um2_0_149.npy2547.npy,28.8,52.60647392168627,0.21973814526507532,17.0,0.639
0,HFocusing_5_10_2um2_0_1491.npy2548.npy,28.8,32.04572215250477,0.13452616266248518,21.0,0.7414999999999999
0,HFocusing_5_10_2um2_0_1491.npy2549.npy,29.6,44.91125654364521,0.1768845810229712,19.0,0.6880000000000001
0,HFocusing_5_10_2um2_0_1501.npy2551.npy,13.6,45.2883086429149,0.11918832853213819,13.0,0.9205
0,HFocusing_5_10_2um2_0_1501.npy2552.npy,33.6,23.92081660625614,0.10748273686327897,25.0,0.733
0,HFocusing_5_10_2um2_0_1501.npy2553.npy,32.8,27.00880387717473,0.1075013094872262,32.0,1.0115
0,HFocusing_5_10_2um2_0_1502.npy2554.npy,12.8,76.09992083832728,0.1844578395351603,12.0,0.9859999999999999
0,HFocusing_5_10_2um2_0_1506.npy2555.npy,16.8,64.40704145466259,0.26156301801308235,11.0,0.6819999999999999
0,HFocusing_5_10_2um2_0_1517.npy2556.npy,24.0,24.882256649339926,0.13223048582038296,14.0,0.618
0,HFocusing_5_10_2um2_0_1518.npy2557.npy,20.8,103.66508544502238,0.284125836654362,18.0,0.9095000000000001
0,HFocusing_5_10_2um2_0_152.npy2558.npy,22.4,47.45733373006967,0.17733572706876366,17.0,0.7965
0,HFocusing_5_10_2um2_0_1522.npy2559.npy,30.4,94.09279375149684,0.36644609859947286,13.0,0.43600000000000005
0,HFocusing_5_10_2um2_0_1525.npy2561.npy,27.2,33.894842646877706,0.10359040123160144,21.0,0.834
0,HFocusing_5_10_2um2_0_1529.npy2562.npy,22.4,66.84725315767135,0.19647205600073844,21.0,0.9269999999999999
0,HFocusing_5_10_2um2_0_1532.npy2563.npy,28.0,30.97423529651403,0.16568949895558752,20.0,0.728
0,HFocusing_5_10_2um2_0_1539.npy2565.npy,27.2,38.90562911338068,0.1731306850088423,22.0,0.8630000000000001
0,HFocusing_5_10_2um2_0_1549.npy2569.npy,32.8,25.58686833941681,0.11411869827690657,25.0,0.799
0,HFocusing_5_10_2um2_0_1549.npy2570.npy,33.6,22.61318075481316,0.11435479772661385,30.0,0.9125
0,HFocusing_5_10_2um2_0_155.npy2571.npy,12.0,79.37953107858662,0.16087690792045656,11.0,0.9924999999999999
0,HFocusing_5_10_2um2_0_1550.npy2573.npy,27.2,62.99064104514115,0.2433291378466975,13.0,0.49
0,HFocusing_5_10_2um2_0_1553.npy2574.npy,33.6,31.23443579200685,0.16374754294106847,13.0,0.423
0,HFocusing_5_10_2um2_0_1571.npy2578.npy,35.2,41.04437382237643,0.18007512967424147,18.0,0.541
0,HFocusing_5_10_2um2_0_1571.npy2579.npy,36.0,38.88218559661433,0.18005179282529593,19.0,0.5415
0,HFocusing_5_10_2um2_0_1572.npy2580.npy,26.4,39.45404335376484,0.19629174946719619,13.0,0.49200000000000005
0,HFocusing_5_10_2um2_0_1572.npy2581.npy,26.4,39.45404335376484,0.19629174946719619,13.0,0.49200000000000005
0,HFocusing_5_10_2um2_0_1572.npy2582.npy,35.2,113.9523821955491,0.4699336269722646,15.0,0.46
0,HFocusing_5_10_2um2_0_1576.npy2584.npy,27.2,54.663615935034635,0.21466065916434018,12.0,0.4855
0,HFocusing_5_10_2um2_0_1583.npy2585.npy,21.6,32.44586847446784,0.13493184477128237,20.0,0.9560000000000001
0,HFocusing_5_10_2um2_0_1586.npy2586.npy,24.0,45.79683976529543,0.2691061550140381,11.0,0.49450000000000005
0,HFocusing_5_10_2um2_0_159.npy2589.npy,14.4,100.9150352010135,0.20683917022194515,12.0,0.7785
0,HFocusing_5_10_2um2_0_1590.npy2590.npy,16.0,59.746998950140565,0.18086137447730627,11.0,0.7665000000000001
0,HFocusing_5_10_2um2_0_1593.npy2591.npy,12.8,61.80508091829311,0.14667490852774592,14.0,1.0605
0,HFocusing_5_10_2um2_0_1597.npy2593.npy,22.4,37.20844874415403,0.1432227843032041,10.0,0.4105
0,HFocusing_5_10_2um2_0_1615.npy2596.npy,35.2,47.28826034119673,0.23014142878377322,13.0,0.40700000000000003
0,HFocusing_5_10_2um2_0_1615.npy2597.npy,34.4,46.74947824682712,0.23390498269640853,11.0,0.332
0,HFocusing_5_10_2um2_0_1615.npy2598.npy,35.2,46.479569699350016,0.2288880533159674,15.0,0.46799999999999997
0,HFocusing_5_10_2um2_0_1616.npy2599.npy,18.4,58.31128661805694,0.19449873706666648,16.0,0.897
0,HFocusing_5_10_2um2_0_1619.npy2600.npy,31.2,22.082427074339815,0.1588542876783902,14.0,0.4265
0,HFocusing_5_10_2um2_0_1619.npy2601.npy,31.2,22.79811360532563,0.14461367980866383,13.0,0.4205
0,HFocusing_5_10_2um2_0_1619.npy2602.npy,30.4,22.820423132477362,0.144459327787082,22.0,0.7364999999999999
0,HFocusing_5_10_2um2_0_1627.npy2606.npy,20.8,55.22633298365413,0.1998448519483149,15.0,0.737
0,HFocusing_5_10_2um2_0_1630.npy2607.npy,17.6,43.768504605776656,0.1250629427217148,16.0,0.879
0,HFocusing_5_10_2um2_0_1634.npy2608.npy,23.2,45.78258512709078,0.17655095220571643,13.0,0.554
0,HFocusing_5_10_2um2_0_1645.npy2610.npy,32.8,61.005143350821584,0.23940793849259723,14.0,0.437
0,HFocusing_5_10_2um2_0_166.npy2612.npy,28.8,40.84766146800352,0.19042318902874675,13.0,0.4595
0,HFocusing_5_10_2um2_0_166.npy2613.npy,27.2,52.89602206858369,0.18935639588123448,18.0,0.699
0,HFocusing_5_10_2um2_0_1660.npy2614.npy,11.2,99.98563860687865,0.18925041974041806,12.0,1.0975
0,HFocusing_5_10_2um2_0_1667.npy2616.npy,14.4,35.402011296776024,0.20869085926624273,16.0,1.1205
0,HFocusing_5_10_2um2_0_1671.npy2619.npy,31.2,28.1216623552408,0.10161983134529955,21.0,0.6769999999999999
0,HFocusing_5_10_2um2_0_1674.npy2620.npy,15.2,51.229009073045255,0.1788116953955935,14.0,0.93
0,HFocusing_5_10_2um2_0_169.npy2622.npy,29.6,27.745483909511673,0.1249548245512397,28.0,0.959
0,HFocusing_5_10_2um2_0_1696.npy2625.npy,35.2,27.02063194307741,0.1467541035441965,22.0,0.629
0,HFocusing_5_10_2um2_0_17.npy2626.npy,15.2,76.5077115167665,0.19316448748521534,14.0,0.9510000000000001
0,HFocusing_5_10_2um2_0_1702.npy2627.npy,24.8,47.76792861726489,0.16852559432518308,14.0,0.5645
0,HFocusing_5_10_2um2_0_1706.npy2629.npy,33.6,19.91805450670363,0.1616488314720911,23.0,0.6930000000000001
0,HFocusing_5_10_2um2_0_1706.npy2630.npy,21.6,26.690428144463233,0.16720559857028222,20.0,0.9385
0,HFocusing_5_10_2um2_0_1706.npy2631.npy,21.6,26.690428144463233,0.16720559857028222,20.0,0.9385
0,HFocusing_5_10_2um2_0_171.npy2633.npy,34.4,42.24792395192112,0.16516102887959097,15.0,0.43600000000000005
0,HFocusing_5_10_2um2_0_171.npy2634.npy,34.4,41.79801067646835,0.1521888870287409,15.0,0.4355
0,HFocusing_5_10_2um2_0_171.npy2635.npy,33.6,38.49991661578432,0.152076144615072,16.0,0.47350000000000003
0,HFocusing_5_10_2um2_0_171.npy2636.npy,34.4,44.475193443520055,0.1519899739880472,17.0,0.5265
0,HFocusing_5_10_2um2_0_1710.npy2637.npy,16.0,73.3522174428189,0.17712131823613933,14.0,0.9005000000000001
0,HFocusing_5_10_2um2_0_1713.npy2638.npy,36.8,72.39820276088062,0.41201114429076996,20.0,0.5695
0,HFocusing_5_10_2um2_0_1717.npy2639.npy,24.8,59.40016987068888,0.24350942187660934,17.0,0.6875
0,HFocusing_5_10_2um2_0_1720.npy2640.npy,16.0,63.95765835059174,0.1858297208398255,16.0,0.9765
0,HFocusing_5_10_2um2_0_1724.npy2641.npy,29.6,27.87774566643295,0.15055573060570895,25.0,0.8875000000000001
0,HFocusing_5_10_2um2_0_1724.npy2642.npy,34.4,33.865008043529706,0.18334456611960914,22.0,0.6665
0,HFocusing_5_10_2um2_0_1724.npy2643.npy,28.8,33.23200820050826,0.18922890585417576,14.0,0.5315
0,HFocusing_5_10_2um2_0_1734.npy2645.npy,17.6,61.07890380846459,0.19453751572715203,15.0,0.866
0,HFocusing_5_10_2um2_0_175.npy2651.npy,33.6,45.11864193601766,0.23568052787591667,15.0,0.49050000000000005
0,HFocusing_5_10_2um2_0_175.npy2652.npy,21.6,53.76755655114815,0.22122603057261978,11.0,0.508
0,HFocusing_5_10_2um2_0_1764.npy2653.npy,16.8,34.221428953852936,0.15075389640366338,13.0,0.8400000000000001
0,HFocusing_5_10_2um2_0_1767.npy2655.npy,16.0,59.91330468407231,0.14223391802519567,17.0,1.0675000000000001
0,HFocusing_5_10_2um2_0_1774.npy2656.npy,11.2,85.80891138005283,0.178218608540137,12.0,1.0185000000000002
0,HFocusing_5_10_2um2_0_178.npy2657.npy,11.2,77.1698050793228,0.16760342648138885,13.0,1.1150000000000002
0,HFocusing_5_10_2um2_0_1780.npy2658.npy,15.2,44.047002295622065,0.12519201988927053,15.0,1.0465
0,HFocusing_5_10_2um2_0_1781.npy2659.npy,16.8,52.9928001686378,0.13150403064216346,18.0,1.113
0,HFocusing_5_10_2um2_0_1785.npy2660.npy,19.2,60.682554851126554,0.1669819144805181,17.0,0.945
0,HFocusing_5_10_2um2_0_1789.npy2661.npy,32.0,52.85929525254069,0.22530730782604552,16.0,0.5315
0,HFocusing_5_10_2um2_0_1795.npy2662.npy,17.6,39.196620147759866,0.15003478895401326,14.0,0.8855
0,HFocusing_5_10_2um2_0_1798.npy2664.npy,21.6,248.16797014323052,1.1454363107392687,10.0,0.426
0,HFocusing_5_10_2um2_0_1801.npy2665.npy,33.6,40.77514694394878,0.154301506231553,19.0,0.5675
0,HFocusing_5_10_2um2_0_1801.npy2667.npy,33.6,42.481915484685366,0.12282408673503009,19.0,0.594
0,HFocusing_5_10_2um2_0_1801.npy2668.npy,33.6,41.269203481738316,0.12271016265909479,16.0,0.4815
0,HFocusing_5_10_2um2_0_1801.npy2669.npy,33.6,36.92407687208206,0.12282704232973246,19.0,0.5950000000000001
0,HFocusing_5_10_2um2_0_1805.npy2671.npy,21.6,33.267518952374985,0.17877301669653248,18.0,0.9179999999999999
0,HFocusing_5_10_2um2_0_1810.npy2673.npy,24.8,41.04011383004409,0.16957317922414955,13.0,0.5705
0,HFocusing_5_10_2um2_0_1813.npy2674.npy,28.8,37.473428911031554,0.1347316534668828,23.0,0.8099999999999999
0,HFocusing_5_10_2um2_0_182.npy2675.npy,35.2,70.03675724293957,0.324511012379076,15.0,0.435
0,HFocusing_5_10_2um2_0_1823.npy2676.npy,28.8,31.043366184032312,0.16282863958071067,15.0,0.5609999999999999
0,HFocusing_5_10_2um2_0_1823.npy2678.npy,28.0,34.29991856903572,0.13728709267908873,12.0,0.456
0,HFocusing_5_10_2um2_0_1823.npy2679.npy,28.8,30.917587307005192,0.13690797879418157,15.0,0.5609999999999999
0,HFocusing_5_10_2um2_0_1827.npy2680.npy,13.6,42.2417421457257,0.1441824411248789,15.0,1.1075
0,HFocusing_5_10_2um2_0_1834.npy2681.npy,24.0,52.44550719017783,0.18513865246423625,22.0,0.9814999999999999
0,HFocusing_5_10_2um2_0_1838.npy2682.npy,29.6,22.344751114286392,0.14506102485096461,25.0,0.9894999999999999
0,HFocusing_5_10_2um2_0_1841.npy2683.npy,14.4,49.089278104174824,0.14724452488356252,17.0,1.1720000000000002
0,HFocusing_5_10_2um2_0_1851.npy2686.npy,8.8,50.47915318890548,0.251458333641924,9.0,0.957
0,HFocusing_5_10_2um2_0_1851.npy2687.npy,28.0,36.550191218088834,0.1395827666465048,12.0,0.4725
0,HFocusing_5_10_2um2_0_1851.npy2688.npy,28.0,33.370581829176004,0.13956167593589522,13.0,0.481
0,HFocusing_5_10_2um2_0_186.npy2689.npy,35.2,39.07702724812627,0.23092097369591852,11.0,0.321
0,HFocusing_5_10_2um2_0_186.npy2690.npy,35.2,45.95339257590522,0.2311369193321576,16.0,0.46549999999999997
0,HFocusing_5_10_2um2_0_186.npy2691.npy,34.4,36.76577777344751,0.18167468501737774,18.0,0.5199999999999999
0,HFocusing_5_10_2um2_0_1877.npy2695.npy,12.8,98.40696438671014,0.22154787582220142,12.0,0.964
0,HFocusing_5_10_2um2_0_1880.npy2696.npy,21.6,25.016779701073915,0.09557354735981935,18.0,0.916
0,HFocusing_5_10_2um2_0_1881.npy2697.npy,27.2,34.679141819864974,0.14116078748467964,22.0,0.841
0,HFocusing_5_10_2um2_0_1881.npy2698.npy,27.2,34.86821363982105,0.1412253620607579,17.0,0.669
0,HFocusing_5_10_2um2_0_1889.npy2700.npy,13.6,66.36363808411508,0.16893438998522828,11.0,0.9079999999999999
0,HFocusing_5_10_2um2_0_1893.npy2701.npy,18.4,59.36289029615719,0.18487598491116788,18.0,1.013
0,HFocusing_5_10_2um2_0_1896.npy2702.npy,26.4,26.9580434280116,0.11294027759129342,20.0,0.8170000000000001
0,HFocusing_5_10_2um2_0_1898.npy2703.npy,28.0,32.61800440337079,0.17764277335422007,12.0,0.4345
0,HFocusing_5_10_2um2_0_1899.npy2704.npy,10.4,44.61958668332338,0.12297261127160217,11.0,0.9650000000000001
0,HFocusing_5_10_2um2_0_1902.npy2706.npy,27.2,49.43904631134906,0.2214257025279864,15.0,0.5555
0,HFocusing_5_10_2um2_0_1906.npy2708.npy,29.6,24.796561965697208,0.12736918065227373,27.0,0.846
0,HFocusing_5_10_2um2_0_1911.npy2711.npy,34.4,40.46706302795604,0.1554423733141428,20.0,0.6130000000000001
0,HFocusing_5_10_2um2_0_1922.npy2713.npy,34.4,16.950621518099087,0.09210277639948856,21.0,0.642
0,HFocusing_5_10_2um2_0_1922.npy2714.npy,33.6,17.203281252351626,0.09209983397463772,19.0,0.5885
0,HFocusing_5_10_2um2_0_1941.npy2720.npy,29.6,38.03617873962411,0.13726503231857276,16.0,0.5495
0,HFocusing_5_10_2um2_0_1946.npy2721.npy,18.4,63.11328061603501,0.17877909079770346,16.0,0.9385
0,HFocusing_5_10_2um2_0_1950.npy2722.npy,36.8,56.34568119041024,0.23247041141791724,16.0,0.464
0,HFocusing_5_10_2um2_0_1954.npy2723.npy,21.6,59.93666627312272,0.32962599940387,23.0,1.0845
0,HFocusing_5_10_2um2_0_196.npy2726.npy,33.6,38.776059843587774,0.1748503511944599,15.0,0.4235
0,HFocusing_5_10_2um2_0_1961.npy2727.npy,28.8,38.97570222894746,0.19174129237437582,25.0,0.9435
0,HFocusing_5_10_2um2_0_1973.npy2729.npy,17.6,56.04761850173395,0.1458331546424835,13.0,0.7929999999999999
0,HFocusing_5_10_2um2_0_1979.npy2731.npy,12.0,75.37430640467056,0.1746894067706641,12.0,0.9990000000000001
0,HFocusing_5_10_2um2_0_1983.npy2732.npy,13.6,54.08700881106337,0.15143279833332832,14.0,1.0875
0,HFocusing_5_10_2um2_0_1987.npy2733.npy,16.8,29.827705518328884,0.13726687953808914,17.0,1.098
0,HFocusing_5_10_2um2_0_1987.npy2734.npy,12.0,65.35639328208228,0.17464157158165194,13.0,0.9825
0,HFocusing_5_10_2um2_0_1990.npy2735.npy,15.2,36.99497722448812,0.1665869324805931,16.0,0.9814999999999999
0,HFocusing_5_10_2um2_0_1990.npy2736.npy,19.2,77.3885001581022,0.2597140263650994,15.0,0.833
0,HFocusing_5_10_2um2_0_1994.npy2737.npy,14.4,55.59369607809269,0.1461463874938568,15.0,1.0375
0,HFocusing_5_10_2um2_0_2000.npy2738.npy,18.4,77.80536643833099,0.2279665366997705,16.0,0.9179999999999999
0,HFocusing_5_10_2um2_0_2007.npy2740.npy,24.8,37.89050428124044,0.15308700997383137,17.0,0.731
0,HFocusing_5_10_2um2_0_2007.npy2741.npy,23.2,16.226143314664647,0.0805548027241907,17.0,0.76
0,HFocusing_5_10_2um2_0_201.npy2742.npy,28.8,32.77835960489159,0.13472988057700733,13.0,0.46349999999999997
0,HFocusing_5_10_2um2_0_201.npy2743.npy,26.4,34.48161356899274,0.17388617772743653,14.0,0.5265
0,HFocusing_5_10_2um2_0_2010.npy2744.npy,11.2,71.74855565856669,0.16133657208767377,11.0,0.9415
0,HFocusing_5_10_2um2_0_2013.npy2745.npy,16.8,52.67123348661468,0.1475604203084587,18.0,1.118
0,HFocusing_5_10_2um2_0_2016.npy2746.npy,32.0,25.440164830628436,0.12038858603320644,24.0,0.804
0,HFocusing_5_10_2um2_0_2016.npy2747.npy,32.0,24.259092836263026,0.10982702672940838,17.0,0.5605
0,HFocusing_5_10_2um2_0_2016.npy2748.npy,32.0,25.885742096677234,0.10976730223182356,21.0,0.7155
0,HFocusing_5_10_2um2_0_2020.npy2750.npy,19.2,63.98055003195406,0.16071005580804665,15.0,0.8180000000000001
0,HFocusing_5_10_2um2_0_2024.npy2751.npy,30.4,38.788228205548485,0.11955154106280469,20.0,0.704
0,HFocusing_5_10_2um2_0_2035.npy2754.npy,30.4,40.951704761735314,0.1683951161055783,24.0,0.888
0,HFocusing_5_10_2um2_0_2035.npy2755.npy,30.4,39.60310571072628,0.16844568224804485,23.0,0.864
0,HFocusing_5_10_2um2_0_204.npy2757.npy,28.8,44.03591025446212,0.18874930589197095,21.0,0.8095
0,HFocusing_5_10_2um2_0_2045.npy2759.npy,26.4,31.488484867074227,0.11701073908120896,13.0,0.49700000000000005
0,HFocusing_5_10_2um2_0_205.npy2762.npy,28.8,25.028005050864348,0.10939866002556732,26.0,1.0465
0,HFocusing_5_10_2um2_0_205.npy2763.npy,28.8,22.716897920489288,0.10925982432979209,14.0,0.5705
0,HFocusing_5_10_2um2_0_2052.npy2764.npy,16.8,60.13092828046534,0.173822025867091,11.0,0.6785
0,HFocusing_5_10_2um2_0_2059.npy2765.npy,15.2,39.02250650952282,0.11716690583556966,15.0,0.993
0,HFocusing_5_10_2um2_0_2063.npy2767.npy,26.4,46.45491182076412,0.2314462364396219,29.0,1.0679999999999998
0,HFocusing_5_10_2um2_0_2077.npy2770.npy,26.4,48.85159505517222,0.24133981488249326,17.0,0.678
0,HFocusing_5_10_2um2_0_2077.npy2772.npy,24.0,21.92917888844884,0.10224060336411285,20.0,0.9065
0,HFocusing_5_10_2um2_0_2078.npy2773.npy,16.8,44.92951415908438,0.12367935110346548,12.0,0.7915
0,HFocusing_5_10_2um2_0_208.npy2774.npy,11.2,84.43376407773745,0.20954481767741215,11.0,0.9940000000000001
0,HFocusing_5_10_2um2_0_2081.npy2775.npy,20.0,63.345604242092506,0.19473652050988388,12.0,0.5615
0,HFocusing_5_10_2um2_0_2085.npy2776.npy,12.8,102.7562051593686,0.18153719480111274,13.0,1.037
0,HFocusing_5_10_2um2_0_2088.npy2777.npy,26.4,23.327153410135093,0.12081528346080005,20.0,0.862
0,HFocusing_5_10_2um2_0_2088.npy2778.npy,16.8,46.588183752476546,0.14039156430396244,17.0,0.9545
0,HFocusing_5_10_2um2_0_2092.npy2779.npy,18.4,19.192391018690397,0.10598070978583207,19.0,1.0495
0,HFocusing_5_10_2um2_0_2092.npy2780.npy,20.8,57.79814952046952,0.17141529183516807,17.0,0.839
0,HFocusing_5_10_2um2_0_2095.npy2781.npy,16.0,70.05981380435375,0.19461978985269981,14.0,0.9125
0,HFocusing_5_10_2um2_0_21.npy2785.npy,30.4,46.25073207722149,0.21882105117995976,14.0,0.467
0,HFocusing_5_10_2um2_0_2107.npy2787.npy,16.0,43.41641090960514,0.14191577516202175,11.0,0.7535000000000001
0,HFocusing_5_10_2um2_0_2107.npy2789.npy,18.4,53.2835748705328,0.17535787083486334,13.0,0.7284999999999999
0,HFocusing_5_10_2um2_0_2112.npy2790.npy,33.6,49.72189020362397,0.2239425060565738,15.0,0.45399999999999996
0,HFocusing_5_10_2um2_0_2112.npy2791.npy,33.6,48.17926926510992,0.22375212151458213,16.0,0.48500000000000004
0,HFocusing_5_10_2um2_0_2117.npy2794.npy,12.0,90.63282204641568,0.18252095025141432,11.0,0.957
0,HFocusing_5_10_2um2_0_212.npy2796.npy,12.0,83.8017420734475,0.13363267685133567,14.0,1.105
0,HFocusing_5_10_2um2_0_2127.npy2797.npy,20.0,50.829135390649576,0.15256039481352393,16.0,0.8400000000000001
0,HFocusing_5_10_2um2_0_2130.npy2798.npy,28.0,71.80896717455111,0.2964152340144037,12.0,0.44049999999999995
0,HFocusing_5_10_2um2_0_2134.npy2799.npy,23.2,52.08611775215787,0.17945359071399844,16.0,0.6980000000000001
0,HFocusing_5_10_2um2_0_2138.npy2800.npy,12.8,47.230082727204696,0.16777309114217193,14.0,1.0525
0,HFocusing_5_10_2um2_0_2142.npy2801.npy,16.0,37.484053190865716,0.11749348661307966,14.0,0.8220000000000001
0,HFocusing_5_10_2um2_0_2150.npy2802.npy,12.8,51.18320317169836,0.11841768201972021,14.0,1.0555
0,HFocusing_5_10_2um2_0_2158.npy2805.npy,36.0,54.03920622960332,0.24985936084694416,15.0,0.4425
0,HFocusing_5_10_2um2_0_216.npy2806.npy,16.0,175.16157999173052,0.5331909303507649,11.0,0.694
0,HFocusing_5_10_2um2_0_2165.npy2807.npy,13.6,62.21574769341798,0.1510290304645022,11.0,0.8704999999999999
0,HFocusing_5_10_2um2_0_2169.npy2808.npy,16.8,47.21238933360335,0.15635273278784037,15.0,0.8915000000000001
0,HFocusing_5_10_2um2_0_2172.npy2809.npy,15.2,60.25026291932866,0.1628187719935013,14.0,0.8895
0,HFocusing_5_10_2um2_0_2178.npy2810.npy,32.0,74.37229420293599,0.34260514729944774,13.0,0.4115
0,HFocusing_5_10_2um2_0_2180.npy2811.npy,16.8,52.38674272893102,0.14064881477566768,16.0,1.06
0,HFocusing_5_10_2um2_0_2188.npy2813.npy,23.2,22.969932123203765,0.1595363405541098,22.0,0.969
0,HFocusing_5_10_2um2_0_2188.npy2814.npy,16.8,58.45278277796385,0.2108722392291832,11.0,0.616
0,HFocusing_5_10_2um2_0_219.npy2815.npy,33.6,39.80906283565574,0.21796707068473617,17.0,0.5075000000000001
0,HFocusing_5_10_2um2_0_219.npy2816.npy,28.8,26.929302121985128,0.12956585174743804,23.0,0.8515
0,HFocusing_5_10_2um2_0_2195.npy2818.npy,16.8,35.01043910724705,0.12031553742802342,17.0,1.0685
0,HFocusing_5_10_2um2_0_2200.npy2819.npy,29.6,42.8031559397388,0.21568064534362838,12.0,0.44049999999999995
0,HFocusing_5_10_2um2_0_2201.npy2820.npy,12.0,58.702700661666505,0.15451772954726645,13.0,1.0579999999999998
0,HFocusing_5_10_2um2_0_2205.npy2823.npy,16.0,52.34733526714713,0.16049764624504814,18.0,1.1065
0,HFocusing_5_10_2um2_0_2213.npy2824.npy,22.4,126.83784888764568,0.34436580834597985,16.0,0.721
0,HFocusing_5_10_2um2_0_2216.npy2825.npy,22.4,348.070799035982,1.0911232609289858,15.0,0.7215
0,HFocusing_5_10_2um2_0_2223.npy2828.npy,17.6,60.977774660268416,0.20744043661576483,16.0,0.919
0,HFocusing_5_10_2um2_0_223.npy2831.npy,24.8,50.09949489465313,0.21974560746209668,15.0,0.646
0,HFocusing_5_10_2um2_0_223.npy2832.npy,24.8,49.2363457245569,0.21960485489640444,18.0,0.764
0,HFocusing_5_10_2um2_0_223.npy2833.npy,33.6,41.12184958942255,0.20618114515804362,14.0,0.4215
0,HFocusing_5_10_2um2_0_2236.npy2834.npy,13.6,47.07251115174742,0.14184542082930265,14.0,0.9909999999999999
0,HFocusing_5_10_2um2_0_2236.npy2835.npy,11.2,80.10954093378186,0.15467979571796464,12.0,0.992
0,HFocusing_5_10_2um2_0_2239.npy2836.npy,15.2,57.25383601400393,0.13797807644436955,13.0,0.8785000000000001
0,HFocusing_5_10_2um2_0_2239.npy2837.npy,13.6,59.13696012867968,0.15828053998581657,14.0,1.0015
0,HFocusing_5_10_2um2_0_2245.npy2840.npy,18.4,54.51630423807751,0.18144505285051468,18.0,1.0555
0,HFocusing_5_10_2um2_0_2255.npy2843.npy,24.0,18.200824055072857,0.11051884025275512,17.0,0.7234999999999999
0,HFocusing_5_10_2um2_0_2255.npy2844.npy,28.0,33.55797016714016,0.16099748221706728,26.0,0.9275000000000001
0,HFocusing_5_10_2um2_0_2255.npy2845.npy,25.6,54.48648860277089,0.17265977096842106,21.0,0.8785000000000001
0,HFocusing_5_10_2um2_0_226.npy2846.npy,34.4,32.959129620539926,0.184937609635655,21.0,0.6124999999999999
0,HFocusing_5_10_2um2_0_226.npy2847.npy,32.0,17.962120229728892,0.10916109715256228,15.0,0.4705
0,HFocusing_5_10_2um2_0_2271.npy2851.npy,21.6,25.917365648803106,0.09718080167094294,26.0,1.1165
0,HFocusing_5_10_2um2_0_2274.npy2852.npy,36.0,85.79735407074824,0.35543119525247047,21.0,0.5685
0,HFocusing_5_10_2um2_0_2274.npy2853.npy,36.0,85.79735407074824,0.35543119525247047,21.0,0.5685
0,HFocusing_5_10_2um2_0_2284.npy2857.npy,33.6,25.446610241805296,0.11694568614167,31.0,0.9594999999999999
0,HFocusing_5_10_2um2_0_2284.npy2858.npy,32.0,39.0773152326012,0.16829548888976098,21.0,0.8175
0,HFocusing_5_10_2um2_0_2287.npy2859.npy,32.8,66.0575504797742,0.2937380136989148,12.0,0.393
0,HFocusing_5_10_2um2_0_2287.npy2860.npy,33.6,66.5171898519989,0.2945217916088442,19.0,0.5955
0,HFocusing_5_10_2um2_0_229.npy2863.npy,28.0,33.24961737064502,0.12258511564533142,22.0,0.8285
0,HFocusing_5_10_2um2_0_2297.npy2865.npy,33.6,37.37639232912258,0.2314329671052135,12.0,0.3655
0,HFocusing_5_10_2um2_0_230.npy2866.npy,34.4,54.636365537314674,0.22190128683006094,19.0,0.5785
0,HFocusing_5_10_2um2_0_2318.npy2869.npy,15.2,61.15924644506532,0.23167417584088115,11.0,0.7004999999999999
0,HFocusing_5_10_2um2_0_232.npy2870.npy,28.8,34.72834973220365,0.14302678565279003,14.0,0.49850000000000005
0,HFocusing_5_10_2um2_0_2324.npy2872.npy,32.8,44.6695902639732,0.21029952895003273,18.0,0.575
0,HFocusing_5_10_2um2_0_2324.npy2873.npy,33.6,44.46955759191959,0.21027777254062552,19.0,0.6074999999999999
0,HFocusing_5_10_2um2_0_2324.npy2874.npy,33.6,44.24398353672665,0.1710674701188608,19.0,0.5810000000000001
0,HFocusing_5_10_2um2_0_2324.npy2875.npy,33.6,44.252360905965446,0.17084645647289587,20.0,0.634
0,HFocusing_5_10_2um2_0_2327.npy2877.npy,31.2,33.89224797704414,0.10781947221825966,21.0,0.843
0,HFocusing_5_10_2um2_0_233.npy2880.npy,33.6,41.874043452366266,0.15740303379206577,16.0,0.4745
0,HFocusing_5_10_2um2_0_2330.npy2881.npy,32.0,67.919335618179,0.3067663393291369,13.0,0.412
0,HFocusing_5_10_2um2_0_2330.npy2882.npy,32.0,66.02205496724264,0.30665016312756593,13.0,0.41100000000000003
0,HFocusing_5_10_2um2_0_2353.npy2887.npy,35.2,33.543815333805306,0.15125477651277347,20.0,0.6034999999999999
0,HFocusing_5_10_2um2_0_2353.npy2888.npy,35.2,42.61827010355968,0.18947920210947117,25.0,0.7485
0,HFocusing_5_10_2um2_0_2353.npy2889.npy,35.2,33.543815333805306,0.15125477651277347,20.0,0.6034999999999999
0,HFocusing_5_10_2um2_0_2359.npy2890.npy,16.0,29.875500310755797,0.13279289225694152,16.0,1.042
0,HFocusing_5_10_2um2_0_2359.npy2891.npy,14.4,68.40376487908456,0.179774605500876,13.0,0.8344999999999999
0,HFocusing_5_10_2um2_0_2370.npy2895.npy,20.8,64.27864443505958,0.23706633780967787,13.0,0.6425
0,HFocusing_5_10_2um2_0_2373.npy2897.npy,12.8,78.91154232511842,0.14294925345774537,14.0,1.082
0,HFocusing_5_10_2um2_0_2417.npy2907.npy,29.6,40.15007979890993,0.21179940080281617,16.0,0.57
0,HFocusing_5_10_2um2_0_2417.npy2908.npy,29.6,40.15007979890993,0.21179940080281617,16.0,0.57
0,HFocusing_5_10_2um2_0_2418.npy2909.npy,16.8,64.09843588297761,0.16135381795138565,16.0,0.9985
0,HFocusing_5_10_2um2_0_2421.npy2910.npy,33.6,44.55455058593124,0.17517097038920626,17.0,0.513
0,HFocusing_5_10_2um2_0_2422.npy2911.npy,32.0,57.11138324909144,0.192163851849555,29.0,0.9259999999999999
0,HFocusing_5_10_2um2_0_2425.npy2912.npy,26.4,41.730318062424786,0.22243071093270766,21.0,0.842
0,HFocusing_5_10_2um2_0_2425.npy2913.npy,26.4,41.730318062424786,0.22243071093270766,21.0,0.842
0,HFocusing_5_10_2um2_0_2425.npy2914.npy,26.4,41.730318062424786,0.22243071093270766,21.0,0.842
0,HFocusing_5_10_2um2_0_2429.npy2916.npy,25.6,41.25945820622965,0.12124032571381636,18.0,0.7505
0,HFocusing_5_10_2um2_0_2430.npy2917.npy,20.0,58.683108212663406,0.20675684597972654,12.0,0.5525
0,HFocusing_5_10_2um2_0_2438.npy2919.npy,17.6,62.541820290825875,0.1615244330757667,17.0,0.933
0,HFocusing_5_10_2um2_0_244.npy2920.npy,36.8,32.268963988462794,0.20013867584646938,21.0,0.58
0,HFocusing_5_10_2um2_0_244.npy2921.npy,34.4,32.14435449893686,0.16057180063576185,16.0,0.4845
0,HFocusing_5_10_2um2_0_2446.npy2926.npy,12.8,57.84767943549479,0.16038736024132283,11.0,0.882
0,HFocusing_5_10_2um2_0_2450.npy2927.npy,31.2,69.29075926936207,0.3708379940081272,16.0,0.5065
0,HFocusing_5_10_2um2_0_2458.npy2928.npy,12.8,61.168621000788626,0.2484085328071067,13.0,1.037
0,HFocusing_5_10_2um2_0_2465.npy2931.npy,28.8,56.732579736700025,0.23374840873534097,13.0,0.455
0,HFocusing_5_10_2um2_0_2468.npy2932.npy,33.6,42.22255684246744,0.17347425810214936,15.0,0.4205
0,HFocusing_5_10_2um2_0_2468.npy2933.npy,33.6,41.93358405887888,0.17367813785618424,15.0,0.4465
0,HFocusing_5_10_2um2_0_247.npy2935.npy,33.6,45.6653747745972,0.21666168679600917,16.0,0.507
0,HFocusing_5_10_2um2_0_2475.npy2937.npy,17.6,53.6318183471529,0.17990223388717136,15.0,0.892
0,HFocusing_5_10_2um2_0_2476.npy2938.npy,12.0,68.43574901960277,0.15957950605884838,13.0,1.012
0,HFocusing_5_10_2um2_0_2486.npy2943.npy,20.8,37.429399652531146,0.16486133970660596,18.0,0.9269999999999999
0,HFocusing_5_10_2um2_0_2491.npy2946.npy,30.4,23.974838194568814,0.11755149475066225,28.0,0.9445
0,HFocusing_5_10_2um2_0_2503.npy2949.npy,21.6,52.90345647972528,0.17644447440854474,17.0,0.838
0,HFocusing_5_10_2um2_0_2513.npy2950.npy,36.0,38.033046236868095,0.13044136505035045,18.0,0.5379999999999999
0,HFocusing_5_10_2um2_0_2518.npy2952.npy,13.6,86.93154312833485,0.20511720843050746,10.0,0.823
0,HFocusing_5_10_2um2_0_2524.npy2953.npy,15.2,69.01237138673012,0.1564494419915067,15.0,1.1019999999999999
0,HFocusing_5_10_2um2_0_2527.npy2954.npy,29.6,36.43242867469156,0.17820772008510524,15.0,0.525
0,HFocusing_5_10_2um2_0_2528.npy2955.npy,16.8,56.150535861677895,0.14100985111930836,16.0,0.9844999999999999
0,HFocusing_5_10_2um2_0_253.npy2956.npy,21.6,30.766947666086214,0.14181671231733375,20.0,0.9840000000000001
0,HFocusing_5_10_2um2_0_254.npy2959.npy,16.0,55.62021541883856,0.19054961218007574,12.0,0.7649999999999999
0,HFocusing_5_10_2um2_0_254.npy2960.npy,9.6,43.57315789387406,0.15782810161665314,10.0,1.0945
0,HFocusing_5_10_2um2_0_254.npy2961.npy,28.0,26.30021779913596,0.1142901805905314,11.0,0.399
0,HFocusing_5_10_2um2_0_254.npy2962.npy,17.6,32.52949164633066,0.08624180245137276,14.0,0.7665000000000001
0,HFocusing_5_10_2um2_0_2549.npy2963.npy,24.8,43.34553619162381,0.15920774276030078,21.0,0.8865000000000001
0,HFocusing_5_10_2um2_0_2550.npy2964.npy,22.4,67.15054943455496,0.2353899991587279,24.0,1.0665
0,HFocusing_5_10_2um2_0_2557.npy2966.npy,20.8,64.64276027423894,0.17231558132842884,15.0,0.736
0,HFocusing_5_10_2um2_0_2560.npy2967.npy,17.6,46.47326935665779,0.16217671111353515,15.0,0.8735
0,HFocusing_5_10_2um2_0_2568.npy2969.npy,15.2,54.64353942503844,0.1482291341000697,11.0,0.7295
0,HFocusing_5_10_2um2_0_2572.npy2970.npy,17.6,64.7629174106134,0.13352215189290273,18.0,1.0514999999999999
0,HFocusing_5_10_2um2_0_2576.npy2971.npy,12.8,49.72876934606851,0.13411946893608898,14.0,1.08
0,HFocusing_5_10_2um2_0_2576.npy2972.npy,20.8,41.20752421505528,0.13922594267864458,18.0,0.8725
0,HFocusing_5_10_2um2_0_258.npy2973.npy,25.6,77.06855630410426,0.3241370232305005,10.0,0.40349999999999997
0,HFocusing_5_10_2um2_0_2583.npy2974.npy,26.4,36.701702275113476,0.16820718918801375,12.0,0.45899999999999996
0,HFocusing_5_10_2um2_0_2584.npy2976.npy,18.4,32.011485484012546,0.1904387797968559,12.0,0.6685000000000001
0,HFocusing_5_10_2um2_0_261.npy2982.npy,34.4,41.37386132019386,0.17193563820474395,20.0,0.5745
0,HFocusing_5_10_2um2_0_261.npy2983.npy,24.0,85.82673631492818,0.35186760358565,12.0,0.47100000000000003
0,HFocusing_5_10_2um2_0_2616.npy2987.npy,25.6,27.71244618082964,0.13647525685820225,25.0,1.0495
0,HFocusing_5_10_2um2_0_2616.npy2988.npy,16.8,88.00231381008314,0.2558826670850087,11.0,0.6745
0,HFocusing_5_10_2um2_0_2619.npy2989.npy,20.8,24.271316939954215,0.11541127925482955,21.0,1.0254999999999999
0,HFocusing_5_10_2um2_0_264.npy2992.npy,13.6,71.35593268114437,0.15113893193196243,13.0,0.9600000000000001
0,HFocusing_5_10_2um2_0_266.npy2994.npy,35.2,28.79981480358346,0.13800161358073973,34.0,1.06
0,HFocusing_5_10_2um2_0_266.npy2995.npy,36.0,29.446042448063285,0.13781861614504498,28.0,0.794
0,HFocusing_5_10_2um2_0_277.npy2999.npy,24.8,33.774675005480766,0.15198168044936894,11.0,0.451
0,HFocusing_5_10_2um2_0_277.npy3000.npy,26.4,53.187755588817005,0.17317474192196364,19.0,0.7825
0,HFocusing_5_10_2um2_0_28.npy3001.npy,15.2,43.14824781629656,0.11980582801795692,14.0,0.9415
0,HFocusing_5_10_2um2_0_289.npy3004.npy,17.6,54.64138329640213,0.1981511914218167,10.0,0.5855
0,HFocusing_5_10_2um2_0_292.npy3005.npy,24.0,51.76785713514503,0.15282978839752365,19.0,0.859
0,HFocusing_5_10_2um2_0_292.npy3006.npy,24.0,57.659644725571916,0.17787636624160946,14.0,0.597
0,HFocusing_5_10_2um2_0_295.npy3007.npy,28.0,35.56261485062102,0.15609500991273081,20.0,0.7184999999999999
0,HFocusing_5_10_2um2_0_295.npy3008.npy,21.6,45.908299873142084,0.14719071763704214,16.0,0.7535000000000001
0,HFocusing_5_10_2um2_0_296.npy3009.npy,16.8,44.68867449801995,0.1560228788312004,14.0,0.9079999999999999
0,HFocusing_5_10_2um2_0_299.npy3010.npy,27.2,37.359381313984116,0.1704898075126959,20.0,0.7745
0,HFocusing_5_10_2um2_0_3.npy3011.npy,16.0,75.52375011252738,0.2177800518951604,15.0,0.915
0,HFocusing_5_10_2um2_0_300.npy3012.npy,31.2,82.87208266107818,0.29785027019020754,24.0,0.8
0,HFocusing_5_10_2um2_0_306.npy3013.npy,18.4,54.66630540305694,0.19509634160549458,15.0,0.7705000000000001
0,HFocusing_5_10_2um2_0_31.npy3015.npy,16.8,30.784321068724047,0.10445806616948763,16.0,1.0
0,HFocusing_5_10_2um2_0_31.npy3016.npy,30.4,18.415498276083373,0.10075168222075714,27.0,0.893
0,HFocusing_5_10_2um2_0_31.npy3017.npy,27.2,21.820556422552947,0.08375732731642938,24.0,0.9415
0,HFocusing_5_10_2um2_0_310.npy3018.npy,27.2,40.55433689052501,0.10757571296629065,16.0,0.637
0,HFocusing_5_10_2um2_0_313.npy3019.npy,34.4,43.838512265030104,0.20017274265375884,14.0,0.4425
0,HFocusing_5_10_2um2_0_313.npy3020.npy,33.6,39.805112132726876,0.19978018044120038,15.0,0.4215
0,HFocusing_5_10_2um2_0_313.npy3021.npy,34.4,42.268684265105286,0.19979968014067512,15.0,0.474
0,HFocusing_5_10_2um2_0_320.npy3026.npy,24.8,56.26035163820522,0.2230008453189563,17.0,0.722
0,HFocusing_5_10_2um2_0_330.npy3029.npy,24.0,68.1302825669781,0.2412047518642666,15.0,0.6849999999999999
0,HFocusing_5_10_2um2_0_334.npy3032.npy,32.8,35.292515119124,0.15053822955130047,28.0,0.9179999999999999
0,HFocusing_5_10_2um2_0_334.npy3033.npy,32.8,33.60559871644052,0.15072171322671804,14.0,0.4295
0,HFocusing_5_10_2um2_0_336.npy3034.npy,16.0,76.91803999745858,0.19721063086988752,12.0,0.833
0,HFocusing_5_10_2um2_0_336.npy3035.npy,28.0,37.21384356955842,0.10212073991841747,24.0,0.903
0,HFocusing_5_10_2um2_0_340.npy3036.npy,35.2,39.19455984392221,0.13680627307770263,29.0,0.864
0,HFocusing_5_10_2um2_0_343.npy3037.npy,32.0,28.287794450263526,0.17561068029581403,13.0,0.4115
0,HFocusing_5_10_2um2_0_343.npy3038.npy,32.0,29.677143991195162,0.17574269975246326,13.0,0.41300000000000003
0,HFocusing_5_10_2um2_0_343.npy3039.npy,30.4,40.98861042701071,0.18572402763667523,19.0,0.6629999999999999
0,HFocusing_5_10_2um2_0_346.npy3040.npy,29.6,18.00652838542657,0.0837173707015639,26.0,0.954
0,HFocusing_5_10_2um2_0_346.npy3041.npy,29.6,16.476631705443065,0.08375084930160628,21.0,0.7545
0,HFocusing_5_10_2um2_0_347.npy3042.npy,23.2,45.072277465635885,0.18612805426677012,18.0,0.7879999999999999
0,HFocusing_5_10_2um2_0_351.npy3045.npy,12.0,58.96181846403321,0.1622970390320794,13.0,1.105
0,HFocusing_5_10_2um2_0_356.npy3046.npy,14.4,47.3404199732503,0.12682287439414866,11.0,0.771
0,HFocusing_5_10_2um2_0_357.npy3047.npy,32.0,25.831728253434022,0.1770988113018849,25.0,0.79
0,HFocusing_5_10_2um2_0_357.npy3048.npy,32.0,26.095494572053706,0.17710918798708986,28.0,0.906
0,HFocusing_5_10_2um2_0_357.npy3049.npy,17.6,42.665672994310356,0.13433650248831497,19.0,1.0555
0,HFocusing_5_10_2um2_0_357.npy3050.npy,31.2,21.32890935198604,0.11850811585224291,18.0,0.6235
0,HFocusing_5_10_2um2_0_357.npy3051.npy,32.0,25.833978342197057,0.11849607758692482,26.0,0.8195
0,HFocusing_5_10_2um2_0_36.npy3052.npy,19.2,75.5734859140062,0.26242732712436373,16.0,0.897
0,HFocusing_5_10_2um2_0_36.npy3053.npy,34.4,42.68692191417272,0.1872926643658957,20.0,0.6375000000000001
0,HFocusing_5_10_2um2_0_36.npy3054.npy,28.8,28.503533952733672,0.13146565309309957,21.0,0.7345
0,HFocusing_5_10_2um2_0_36.npy3055.npy,34.4,42.718184658030026,0.18746699911554537,24.0,0.7555
0,HFocusing_5_10_2um2_0_360.npy3056.npy,35.2,65.04751585528076,0.25780273535579135,17.0,0.5145
0,HFocusing_5_10_2um2_0_364.npy3059.npy,14.4,61.90666113257196,0.17007330107831217,14.0,1.0545
0,HFocusing_5_10_2um2_0_368.npy3060.npy,11.2,85.70503465771066,0.3128271886442542,11.0,0.9594999999999999
0,HFocusing_5_10_2um2_0_372.npy3061.npy,24.0,58.323055784768584,0.22846224819309746,18.0,0.716
0,HFocusing_5_10_2um2_0_372.npy3062.npy,24.0,68.37740701680042,0.2319676043448742,21.0,0.892
0,HFocusing_5_10_2um2_0_379.npy3064.npy,20.8,73.38011886125626,0.2126377599765088,12.0,0.594
0,HFocusing_5_10_2um2_0_382.npy3065.npy,8.8,51.431317778475886,0.1939995629157159,10.0,1.1255
0,HFocusing_5_10_2um2_0_382.npy3066.npy,28.0,21.310009176542163,0.1263436552502713,19.0,0.683
0,HFocusing_5_10_2um2_0_391.npy3072.npy,26.4,32.273089147703,0.13316721870362944,14.0,0.533
0,HFocusing_5_10_2um2_0_391.npy3073.npy,27.2,31.46716244457627,0.10056182024259792,26.0,0.9765
0,HFocusing_5_10_2um2_0_391.npy3074.npy,36.0,29.45238545116574,0.12982398108395748,25.0,0.735
0,HFocusing_5_10_2um2_0_394.npy3075.npy,24.8,59.509088104972726,0.14531409008100696,20.0,0.819
0,HFocusing_5_10_2um2_0_402.npy3078.npy,16.8,67.62193143073284,0.17697353907861832,11.0,0.5995
0,HFocusing_5_10_2um2_0_402.npy3079.npy,25.6,33.387193558810864,0.11609677403976752,19.0,0.749
0,HFocusing_5_10_2um2_0_406.npy3080.npy,24.8,52.713174948765214,0.182599832141607,20.0,0.8664999999999999
0,HFocusing_5_10_2um2_0_409.npy3081.npy,29.6,28.11149919338808,0.12160219544623695,17.0,0.5655
0,HFocusing_5_10_2um2_0_409.npy3082.npy,32.8,36.80309693669768,0.22704504124815933,13.0,0.40049999999999997
0,HFocusing_5_10_2um2_0_410.npy3084.npy,19.2,30.229823971923626,0.10983564179097673,21.0,1.0775
0,HFocusing_5_10_2um2_0_413.npy3085.npy,12.0,14.198028351866737,0.11530050921062232,13.0,1.0855000000000001
0,HFocusing_5_10_2um2_0_414.npy3086.npy,18.4,56.406263329716595,0.1592583584452035,17.0,0.9835
0,HFocusing_5_10_2um2_0_414.npy3087.npy,11.2,78.01295783101855,0.22900103579677034,13.0,1.129
0,HFocusing_5_10_2um2_0_417.npy3088.npy,32.0,38.03913506814151,0.16838597838381197,17.0,0.531
0,HFocusing_5_10_2um2_0_417.npy3089.npy,28.8,33.74407226005726,0.1720614793174697,26.0,0.969
0,HFocusing_5_10_2um2_0_428.npy3092.npy,16.8,87.25397094992731,0.23446432291420438,17.0,0.9990000000000001
0,HFocusing_5_10_2um2_0_43.npy3093.npy,11.2,64.54697992752936,0.16637443711683775,12.0,1.0815
0,HFocusing_5_10_2um2_0_43.npy3094.npy,30.4,53.18172029972454,0.2956478420250443,14.0,0.4855
0,HFocusing_5_10_2um2_0_43.npy3095.npy,30.4,54.13118612705658,0.2892563015828764,12.0,0.428
0,HFocusing_5_10_2um2_0_43.npy3096.npy,30.4,49.041974480280984,0.28952526618114927,11.0,0.3975
0,HFocusing_5_10_2um2_0_43.npy3097.npy,31.2,54.03162619053091,0.2890591427256313,15.0,0.496
0,HFocusing_5_10_2um2_0_435.npy3099.npy,15.2,55.69498632282934,0.13429944406742475,16.0,1.048
0,HFocusing_5_10_2um2_0_438.npy3100.npy,31.2,41.357954286377264,0.1660674646266161,15.0,0.45849999999999996
0,HFocusing_5_10_2um2_0_442.npy3103.npy,28.0,33.930245030581276,0.13768577905106447,21.0,0.8675
0,HFocusing_5_10_2um2_0_442.npy3104.npy,29.6,35.165990164692374,0.13767622061882526,23.0,0.7885
0,HFocusing_5_10_2um2_0_449.npy3105.npy,33.6,15.379902811005802,0.13080615010894753,37.0,1.0985
0,HFocusing_5_10_2um2_0_449.npy3106.npy,22.4,43.83306252447296,0.14780064211878546,16.0,0.781
0,HFocusing_5_10_2um2_0_449.npy3107.npy,34.4,43.62653040065399,0.16700608825181318,17.0,0.502
0,HFocusing_5_10_2um2_0_449.npy3108.npy,23.2,30.558762845775952,0.08601273278779237,18.0,0.8135
0,HFocusing_5_10_2um2_0_449.npy3109.npy,34.4,44.157370301625,0.1399203312005738,17.0,0.502
0,HFocusing_5_10_2um2_0_450.npy3110.npy,34.4,46.609218901498565,0.2503339107417052,13.0,0.3935
0,HFocusing_5_10_2um2_0_450.npy3111.npy,32.8,39.03379620774142,0.1865321535113862,15.0,0.434
0,HFocusing_5_10_2um2_0_450.npy3112.npy,34.4,47.14628467767378,0.250298334070641,13.0,0.393
0,HFocusing_5_10_2um2_0_450.npy3113.npy,32.8,42.16518390315824,0.18659422920871868,15.0,0.4615
0,HFocusing_5_10_2um2_0_452.npy3114.npy,10.4,14.052201783928169,0.10040384484337271,11.0,1.0925
0,HFocusing_5_10_2um2_0_453.npy3115.npy,26.4,52.89121387647457,0.22395800704634464,17.0,0.6935
0,HFocusing_5_10_2um2_0_453.npy3116.npy,25.6,53.85200063676899,0.21146666843864437,15.0,0.628
0,HFocusing_5_10_2um2_0_456.npy3117.npy,34.4,110.0823440780855,0.47695266692562743,14.0,0.4465
0,HFocusing_5_10_2um2_0_460.npy3119.npy,29.6,60.27596356977166,0.2164008393810076,23.0,0.8490000000000001
0,HFocusing_5_10_2um2_0_468.npy3122.npy,24.8,44.788220426101,0.1694395786233719,23.0,0.9445
0,HFocusing_5_10_2um2_0_47.npy3123.npy,30.4,48.11627047241578,0.19072134862678675,19.0,0.6034999999999999
0,HFocusing_5_10_2um2_0_471.npy3124.npy,11.2,83.76158453107618,0.1681770234883666,11.0,0.9265
0,HFocusing_5_10_2um2_0_471.npy3125.npy,8.0,60.32147271109621,0.2488058799822025,9.0,1.081
0,HFocusing_5_10_2um2_0_471.npy3126.npy,11.2,84.35651710602176,0.14605680680500394,11.0,0.9265
0,HFocusing_5_10_2um2_0_475.npy3129.npy,31.2,34.40907569372408,0.1284858353530487,26.0,0.876
0,HFocusing_5_10_2um2_0_479.npy3130.npy,28.0,49.25046707619594,0.22097947508308982,24.0,0.8624999999999999
0,HFocusing_5_10_2um2_0_479.npy3131.npy,27.2,51.09608038450258,0.2207688345596763,11.0,0.414
0,HFocusing_5_10_2um2_0_482.npy3132.npy,25.6,43.823911933557824,0.18079529182738135,22.0,0.9015
0,HFocusing_5_10_2um2_0_483.npy3133.npy,12.0,93.20673007361819,0.18450661339184968,12.0,1.0005000000000002
0,HFocusing_5_10_2um2_0_483.npy3134.npy,28.8,29.774191486967695,0.1533317004610216,16.0,0.549
0,HFocusing_5_10_2um2_0_483.npy3135.npy,20.8,37.87261525546619,0.14068330717952923,25.0,1.143
0,HFocusing_5_10_2um2_0_486.npy3136.npy,19.2,55.52626625012152,0.15165958332430382,17.0,0.861
0,HFocusing_5_10_2um2_0_487.npy3137.npy,32.0,66.73482398850082,0.2506376983041887,19.0,0.618
0,HFocusing_5_10_2um2_0_490.npy3138.npy,12.0,91.23977411240766,0.1693229106275894,12.0,1.077
0,HFocusing_5_10_2um2_0_493.npy3139.npy,18.4,40.574476691245984,0.15008282270392506,19.0,1.0265
0,HFocusing_5_10_2um2_0_493.npy3140.npy,10.4,114.15642215823789,0.1813695077346208,12.0,1.0875
0,HFocusing_5_10_2um2_0_496.npy3141.npy,32.8,49.37038683298856,0.24115404198468632,12.0,0.4
0,HFocusing_5_10_2um2_0_497.npy3142.npy,21.6,22.73359465606962,0.12938888845945362,22.0,0.9914999999999999
0,HFocusing_5_10_2um2_0_497.npy3143.npy,20.0,58.094268139788504,0.1559464806235775,18.0,0.958
0,HFocusing_5_10_2um2_0_50.npy3144.npy,19.2,46.876444081341184,0.18627972322391678,8.0,0.47550000000000003
0,HFocusing_5_10_2um2_0_50.npy3145.npy,20.0,54.88443929870017,0.14945876370604316,20.0,1.0815
0,HFocusing_5_10_2um2_0_500.npy3146.npy,21.6,28.577932726059014,0.14237462733262282,24.0,1.1145
0,HFocusing_5_10_2um2_0_501.npy3147.npy,15.2,96.10440543304314,0.19368876194856582,17.0,1.065
0,HFocusing_5_10_2um2_0_505.npy3148.npy,34.4,56.23546058932021,0.24522621675087436,18.0,0.506
0,HFocusing_5_10_2um2_0_505.npy3150.npy,34.4,57.508711643229624,0.19156613561469443,15.0,0.444
0,HFocusing_5_10_2um2_0_505.npy3151.npy,34.4,57.252347365146036,0.19149390494354254,18.0,0.5355
0,HFocusing_5_10_2um2_0_507.npy3152.npy,12.8,71.61072933939701,0.1751479237924412,14.0,1.139
0,HFocusing_5_10_2um2_0_507.npy3153.npy,12.0,95.70213737147336,0.19511980265600964,13.0,1.0939999999999999
0,HFocusing_5_10_2um2_0_513.npy3155.npy,32.8,35.895260761301415,0.17285714680243552,13.0,0.4325
0,HFocusing_5_10_2um2_0_513.npy3156.npy,32.8,36.75057517092591,0.17288911368162022,13.0,0.40549999999999997
0,HFocusing_5_10_2um2_0_513.npy3157.npy,32.8,36.75057517092591,0.17288911368162022,13.0,0.40549999999999997
0,HFocusing_5_10_2um2_0_513.npy3158.npy,33.6,34.421255759684456,0.17282660603783453,14.0,0.4045
0,HFocusing_5_10_2um2_0_514.npy3159.npy,16.0,55.79035535845723,0.16988380573254877,16.0,1.031
0,HFocusing_5_10_2um2_0_516.npy3160.npy,31.2,42.07533611980284,0.18566797537177657,16.0,0.517
0,HFocusing_5_10_2um2_0_516.npy3161.npy,32.0,127.12953164412176,0.5536582629984926,14.0,0.47600000000000003
0,HFocusing_5_10_2um2_0_519.npy3162.npy,32.0,32.62485129258926,0.15268356692914403,12.0,0.3875
0,HFocusing_5_10_2um2_0_519.npy3163.npy,32.0,32.37162484651477,0.15211444826415635,12.0,0.38699999999999996
0,HFocusing_5_10_2um2_0_523.npy3165.npy,12.0,70.24399827665461,0.1545317074204972,11.0,0.924
0,HFocusing_5_10_2um2_0_525.npy3166.npy,24.8,24.431003719359563,0.12573075014562843,23.0,0.9755
0,HFocusing_5_10_2um2_0_526.npy3167.npy,14.4,58.6779817991859,0.15067020563441716,16.0,1.0145
0,HFocusing_5_10_2um2_0_528.npy3168.npy,28.0,37.349934786105436,0.17392837864434002,23.0,0.861
0,HFocusing_5_10_2um2_0_528.npy3169.npy,24.8,41.00080083776536,0.1569947937996287,12.0,0.4545
0,HFocusing_5_10_2um2_0_529.npy3170.npy,36.8,34.585135102346406,0.10292155084288926,37.0,1.07
0,HFocusing_5_10_2um2_0_529.npy3171.npy,36.0,33.19130036214115,0.10291078364573282,25.0,0.7215
0,HFocusing_5_10_2um2_0_529.npy3172.npy,36.0,33.19130036214115,0.10291078364573282,25.0,0.7215
0,HFocusing_5_10_2um2_0_532.npy3173.npy,12.0,60.4723635203353,0.1384500716215701,13.0,1.046
0,HFocusing_5_10_2um2_0_535.npy3174.npy,28.0,32.80303885338924,0.19841588718161154,20.0,0.7705000000000001
0,HFocusing_5_10_2um2_0_535.npy3175.npy,34.4,38.98251935695948,0.1828665052670841,14.0,0.39
0,HFocusing_5_10_2um2_0_54.npy3176.npy,16.8,49.205829864085544,0.15078227402153813,17.0,1.0645
0,HFocusing_5_10_2um2_0_543.npy3177.npy,28.8,45.394235229666535,0.15569664287130053,16.0,0.532
0,HFocusing_5_10_2um2_0_543.npy3178.npy,28.8,47.6973128409229,0.15563517923497353,23.0,0.805
0,HFocusing_5_10_2um2_0_544.npy3179.npy,11.2,71.95690161978918,0.153636186359056,10.0,0.894
0,HFocusing_5_10_2um2_0_558.npy3182.npy,15.2,99.30451584151115,0.21669741742064896,12.0,0.7919999999999999
0,HFocusing_5_10_2um2_0_564.npy3183.npy,15.2,46.55903629843996,0.17876456825184028,11.0,0.6465000000000001
0,HFocusing_5_10_2um2_0_568.npy3184.npy,15.2,158.4401911430279,0.3218880816333287,12.0,0.8019999999999999
0,HFocusing_5_10_2um2_0_57.npy3185.npy,29.6,25.847362332742264,0.1610645204732604,18.0,0.6124999999999999
0,HFocusing_5_10_2um2_0_57.npy3186.npy,32.0,27.450134638630818,0.13275137704804937,26.0,0.848
0,HFocusing_5_10_2um2_0_57.npy3187.npy,30.4,27.403712694357374,0.13279955559138404,23.0,0.799
0,HFocusing_5_10_2um2_0_572.npy3188.npy,14.4,62.13495770403813,0.15335924932853393,14.0,0.973
0,HFocusing_5_10_2um2_0_576.npy3189.npy,14.4,125.03441827359431,0.22697417191466618,17.0,1.13
0,HFocusing_5_10_2um2_0_58.npy3190.npy,11.2,112.90064298568137,0.23018763971575482,9.0,0.9365
0,HFocusing_5_10_2um2_0_58.npy3191.npy,28.8,43.854089386678034,0.16789787859307279,16.0,0.6015
0,HFocusing_5_10_2um2_0_58.npy3192.npy,28.8,44.8416057484407,0.16830717670917458,15.0,0.5685
0,HFocusing_5_10_2um2_0_580.npy3193.npy,28.0,36.374650776841634,0.14986133967937598,18.0,0.6890000000000001
0,HFocusing_5_10_2um2_0_580.npy3194.npy,22.4,41.955686072357786,0.2141573030665464,13.0,0.66
0,HFocusing_5_10_2um2_0_580.npy3195.npy,34.4,34.385785233038874,0.13336290597106493,19.0,0.555
0,HFocusing_5_10_2um2_0_580.npy3196.npy,34.4,34.385785233038874,0.13336290597106493,19.0,0.555
0,HFocusing_5_10_2um2_0_580.npy3197.npy,23.2,28.78435664965818,0.12443559472871722,16.0,0.733
0,HFocusing_5_10_2um2_0_580.npy3198.npy,28.0,34.52833119357113,0.1274467392939637,18.0,0.6885
0,HFocusing_5_10_2um2_0_584.npy3199.npy,29.6,40.602712855829964,0.18421830977294842,14.0,0.5075000000000001
0,HFocusing_5_10_2um2_0_584.npy3200.npy,28.8,40.548984647431354,0.16773200451381517,15.0,0.5479999999999999
0,HFocusing_5_10_2um2_0_587.npy3201.npy,35.2,34.96943339617607,0.17864837882349865,22.0,0.6539999999999999
0,HFocusing_5_10_2um2_0_588.npy3202.npy,13.6,53.456034843674715,0.14750806697614405,15.0,1.0485
0,HFocusing_5_10_2um2_0_591.npy3203.npy,20.8,41.11218318265318,0.16200575401881329,16.0,0.8295
0,HFocusing_5_10_2um2_0_602.npy3208.npy,30.4,34.83970414728819,0.14161229597203637,27.0,1.0465
0,HFocusing_5_10_2um2_0_602.npy3209.npy,30.4,30.875394517388163,0.1415400380973991,22.0,0.7364999999999999
0,HFocusing_5_10_2um2_0_606.npy3210.npy,32.0,39.19182052264378,0.1439250007690383,16.0,0.5339999999999999
0,HFocusing_5_10_2um2_0_609.npy3211.npy,20.8,60.106082901926975,0.16719758563448486,16.0,0.8335
0,HFocusing_5_10_2um2_0_61.npy3213.npy,27.2,62.63957165453826,0.26333627116433533,14.0,0.558
0,HFocusing_5_10_2um2_0_613.npy3215.npy,32.8,46.17664077050338,0.27548937122322625,12.0,0.375
0,HFocusing_5_10_2um2_0_613.npy3216.npy,32.8,42.69136370158191,0.27609658064887227,13.0,0.404
0,HFocusing_5_10_2um2_0_613.npy3217.npy,32.8,41.560344057618565,0.27557902142534785,12.0,0.4045
0,HFocusing_5_10_2um2_0_613.npy3218.npy,28.0,34.68585272025926,0.16543258031711366,17.0,0.669
0,HFocusing_5_10_2um2_0_623.npy3219.npy,34.4,37.87107895904573,0.19779275998481058,13.0,0.38499999999999995
0,HFocusing_5_10_2um2_0_626.npy3220.npy,25.6,27.810202809323755,0.12986849845721984,23.0,0.9179999999999999
0,HFocusing_5_10_2um2_0_627.npy3222.npy,26.4,69.8089902365031,0.3221189767937225,11.0,0.4595
0,HFocusing_5_10_2um2_0_627.npy3223.npy,26.4,71.1135082238541,0.3221210921884815,11.0,0.4605
0,HFocusing_5_10_2um2_0_629.npy3225.npy,34.4,14.135786356453796,0.08313719162093891,32.0,0.9844999999999999
0,HFocusing_5_10_2um2_0_630.npy3226.npy,17.6,23.65438223294632,0.1044887583712422,20.0,1.0825
0,HFocusing_5_10_2um2_0_630.npy3227.npy,11.2,63.01998078700746,0.15297842196125488,10.0,0.8285
0,HFocusing_5_10_2um2_0_633.npy3228.npy,33.6,31.32732582164084,0.13897456875486153,11.0,0.33599999999999997
0,HFocusing_5_10_2um2_0_633.npy3229.npy,33.6,28.2431959634026,0.1400786458695876,27.0,0.878
0,HFocusing_5_10_2um2_0_633.npy3230.npy,33.6,32.987385268034586,0.14009273203770503,14.0,0.4275
0,HFocusing_5_10_2um2_0_636.npy3231.npy,25.6,36.47549915823373,0.15409685825425695,13.0,0.505
0,HFocusing_5_10_2um2_0_636.npy3233.npy,18.4,24.773828090955533,0.10421334445794378,17.0,0.916
0,HFocusing_5_10_2um2_0_637.npy3234.npy,29.6,31.68361419530861,0.15892638425464264,13.0,0.47550000000000003
0,HFocusing_5_10_2um2_0_637.npy3235.npy,29.6,34.453310146721,0.13805682919178955,12.0,0.4415
0,HFocusing_5_10_2um2_0_637.npy3236.npy,28.8,28.230659631700696,0.13969965751464108,10.0,0.319
0,HFocusing_5_10_2um2_0_637.npy3237.npy,29.6,31.80715375695113,0.13819404889777875,13.0,0.475
0,HFocusing_5_10_2um2_0_641.npy3238.npy,15.2,45.740729858656884,0.1314552626033872,15.0,1.062
0,HFocusing_5_10_2um2_0_644.npy3239.npy,11.2,15.38405272387179,0.10587399645986525,12.0,1.106
0,HFocusing_5_10_2um2_0_645.npy3240.npy,11.2,45.37423265741865,0.14206641130869294,13.0,1.11
0,HFocusing_5_10_2um2_0_649.npy3241.npy,24.8,34.25027560971408,0.1246397232610948,16.0,0.6925
0,HFocusing_5_10_2um2_0_65.npy3242.npy,14.4,50.75850108860668,0.1569105085913796,14.0,1.0759999999999998
0,HFocusing_5_10_2um2_0_65.npy3243.npy,10.4,76.9769696018043,0.16367497289987773,11.0,1.011
0,HFocusing_5_10_2um2_0_65.npy3244.npy,32.8,43.24528199581837,0.15330289586572,12.0,0.348
0,HFocusing_5_10_2um2_0_65.npy3245.npy,32.8,43.655912204549054,0.15341548442521943,15.0,0.47100000000000003
0,HFocusing_5_10_2um2_0_65.npy3246.npy,29.6,34.32350127596798,0.13677617405168044,21.0,0.75
0,HFocusing_5_10_2um2_0_653.npy3247.npy,32.8,44.136682519166435,0.20082343965634064,13.0,0.4375
0,HFocusing_5_10_2um2_0_653.npy3248.npy,29.6,35.6060980021448,0.1515829799212404,23.0,0.7705000000000001
0,HFocusing_5_10_2um2_0_657.npy3249.npy,14.4,55.59815716335404,0.21476812733364747,12.0,0.809
0,HFocusing_5_10_2um2_0_660.npy3250.npy,28.8,32.68345025945577,0.1401993805468657,20.0,0.7775
0,HFocusing_5_10_2um2_0_661.npy3251.npy,13.6,48.052095262664416,0.11488401188671657,13.0,0.9259999999999999
0,HFocusing_5_10_2um2_0_661.npy3252.npy,36.0,32.313595012570175,0.11528754398520234,25.0,0.7255
0,HFocusing_5_10_2um2_0_664.npy3253.npy,31.2,32.11157908713835,0.13850203165086247,14.0,0.464
0,HFocusing_5_10_2um2_0_665.npy3254.npy,12.0,107.2438359868977,0.21262126207718912,12.0,1.035
0,HFocusing_5_10_2um2_0_668.npy3255.npy,18.4,51.55885607975713,0.18464597179596412,16.0,0.8765
0,HFocusing_5_10_2um2_0_669.npy3256.npy,12.0,48.11109658551679,0.13745565372292826,12.0,1.0725
0,HFocusing_5_10_2um2_0_673.npy3257.npy,12.0,91.2603735732596,0.15959539403133932,11.0,1.0150000000000001
0,HFocusing_5_10_2um2_0_68.npy3258.npy,17.6,30.53172916109268,0.167544015751941,19.0,1.0614999999999999
0,HFocusing_5_10_2um2_0_680.npy3259.npy,11.2,61.89089774573094,0.1423908203510999,13.0,1.07
0,HFocusing_5_10_2um2_0_680.npy3260.npy,31.2,32.729257077557456,0.16681841152384055,10.0,0.29500000000000004
0,HFocusing_5_10_2um2_0_680.npy3261.npy,31.2,30.9872893305559,0.1649005736019837,13.0,0.38949999999999996
0,HFocusing_5_10_2um2_0_680.npy3262.npy,32.8,38.80265512296242,0.16560335978483237,13.0,0.40650000000000003
0,HFocusing_5_10_2um2_0_680.npy3263.npy,32.8,33.6400377500385,0.16486932207976404,16.0,0.5415
0,HFocusing_5_10_2um2_0_683.npy3264.npy,32.8,92.60235503125405,0.4048210477960632,14.0,0.4545
0,HFocusing_5_10_2um2_0_683.npy3265.npy,32.8,87.6129325944234,0.40481245976832764,14.0,0.429
0,HFocusing_5_10_2um2_0_69.npy3266.npy,22.4,52.445247826954066,0.17044611505222293,18.0,0.7739999999999999
0,HFocusing_5_10_2um2_0_69.npy3267.npy,16.0,61.394063818227345,0.15015836352067816,16.0,1.032
0,HFocusing_5_10_2um2_0_691.npy3268.npy,12.0,98.9022625649458,0.2113571388396319,14.0,1.1525
0,HFocusing_5_10_2um2_0_694.npy3269.npy,35.2,25.474517654718895,0.14155027718178548,32.0,0.9835
0,HFocusing_5_10_2um2_0_7.npy3271.npy,21.6,24.282550894997023,0.10473092511541543,15.0,0.747
0,HFocusing_5_10_2um2_0_701.npy3272.npy,32.8,47.43806916085279,0.18576784579000213,15.0,0.49050000000000005
0,HFocusing_5_10_2um2_0_701.npy3273.npy,20.0,33.001695974960235,0.10546197903891928,17.0,0.8315
0,HFocusing_5_10_2um2_0_701.npy3274.npy,20.0,32.171783362389654,0.09993419376678715,16.0,0.824
0,HFocusing_5_10_2um2_0_706.npy3276.npy,33.6,40.36357580839464,0.2145541498163815,14.0,0.423
0,HFocusing_5_10_2um2_0_706.npy3277.npy,31.2,48.96064602129637,0.22542561927587149,13.0,0.4185
0,HFocusing_5_10_2um2_0_709.npy3278.npy,15.2,54.58829984750344,0.1298846232755696,15.0,1.0230000000000001
0,HFocusing_5_10_2um2_0_713.npy3279.npy,20.0,127.62900554796113,0.5599051316778225,11.0,0.5680000000000001
0,HFocusing_5_10_2um2_0_72.npy3281.npy,30.4,25.75953341105942,0.16696885569155198,21.0,0.7705000000000001
0,HFocusing_5_10_2um2_0_72.npy3282.npy,30.4,23.602444289311528,0.16699060817265116,24.0,0.9085
0,HFocusing_5_10_2um2_0_721.npy3283.npy,11.2,73.6485248746313,0.13350709532330168,11.0,0.923
0,HFocusing_5_10_2um2_0_729.npy3285.npy,24.8,27.259714434927236,0.13256099694566353,20.0,0.902
0,HFocusing_5_10_2um2_0_729.npy3286.npy,35.2,49.25706548095403,0.2711790137026111,24.0,0.7505
0,HFocusing_5_10_2um2_0_729.npy3287.npy,21.6,22.61155796514245,0.07564838061435866,19.0,0.9095000000000001
0,HFocusing_5_10_2um2_0_73.npy3288.npy,32.0,42.54780556121416,0.17375864869334534,12.0,0.3855
0,HFocusing_5_10_2um2_0_733.npy3290.npy,18.4,53.60916070927292,0.16340052649983416,16.0,0.8170000000000001
0,HFocusing_5_10_2um2_0_733.npy3291.npy,15.2,68.80285263551512,0.3028258499794619,13.0,0.9615
0,HFocusing_5_10_2um2_0_736.npy3292.npy,12.0,110.44842184966951,0.28199456063520373,13.0,1.028
0,HFocusing_5_10_2um2_0_736.npy3293.npy,32.8,35.83896495144706,0.1754872500806099,14.0,0.4305
0,HFocusing_5_10_2um2_0_740.npy3295.npy,11.2,90.07413267186337,0.27241091393559147,12.0,1.141
0,HFocusing_5_10_2um2_0_743.npy3296.npy,14.4,59.82953063117511,0.16411534134561734,11.0,0.703
0,HFocusing_5_10_2um2_0_743.npy3297.npy,11.2,56.66612073559221,0.15718294823597678,11.0,0.977
0,HFocusing_5_10_2um2_0_747.npy3298.npy,13.6,72.63306606653342,0.2293120284763908,14.0,1.013
0,HFocusing_5_10_2um2_0_75.npy3299.npy,34.4,35.88072386408965,0.19401585724649287,30.0,0.8985
0,HFocusing_5_10_2um2_0_75.npy3300.npy,28.8,50.07854922608506,0.19139969946257707,14.0,0.45899999999999996
0,HFocusing_5_10_2um2_0_750.npy3301.npy,14.4,54.1146766972807,0.13504618805197016,15.0,1.1199999999999999
0,HFocusing_5_10_2um2_0_753.npy3302.npy,28.8,27.120569305202068,0.14491294423675533,17.0,0.6345
0,HFocusing_5_10_2um2_0_754.npy3303.npy,20.8,32.219629671026155,0.127802553254649,12.0,0.5745
0,HFocusing_5_10_2um2_0_76.npy3306.npy,16.8,61.4230749209753,0.17311276330649,16.0,1.031
0,HFocusing_5_10_2um2_0_76.npy3307.npy,32.0,28.4516344860627,0.10619061843596977,28.0,0.98
0,HFocusing_5_10_2um2_0_762.npy3309.npy,24.0,55.66051660447555,0.18912882877580273,24.0,0.9705
0,HFocusing_5_10_2um2_0_765.npy3310.npy,33.6,66.09954220229886,0.31068830718801416,13.0,0.42250000000000004
0,HFocusing_5_10_2um2_0_773.npy3311.npy,14.4,46.11854157208604,0.1566316285412689,12.0,0.7925
0,HFocusing_5_10_2um2_0_777.npy3312.npy,12.8,76.57262322377952,0.2060648101557699,13.0,1.0790000000000002
0,HFocusing_5_10_2um2_0_78.npy3313.npy,28.0,61.776229965551906,0.2770907317208977,12.0,0.40549999999999997
0,HFocusing_5_10_2um2_0_78.npy3314.npy,28.0,64.11253847471563,0.2768717596277551,12.0,0.40650000000000003
0,HFocusing_5_10_2um2_0_78.npy3315.npy,35.2,34.27774744777607,0.15282150140159603,25.0,0.7545
0,HFocusing_5_10_2um2_0_780.npy3316.npy,29.6,38.81623876588358,0.19939821096510482,13.0,0.4775
0,HFocusing_5_10_2um2_0_780.npy3317.npy,36.0,37.22555566560643,0.17029265098312354,23.0,0.671
0,HFocusing_5_10_2um2_0_781.npy3318.npy,13.6,76.99192472348967,0.166146018265918,13.0,0.91
0,HFocusing_5_10_2um2_0_784.npy3319.npy,30.4,44.13667270911658,0.19072593488961684,19.0,0.652
0,HFocusing_5_10_2um2_0_785.npy3320.npy,9.6,75.27726442940616,0.14804220989312575,10.0,1.0825
0,HFocusing_5_10_2um2_0_788.npy3321.npy,19.2,48.95503955201947,0.1882057480132699,14.0,0.8075
0,HFocusing_5_10_2um2_0_788.npy3322.npy,12.8,56.01396486154041,0.1493730299829837,12.0,0.903
0,HFocusing_5_10_2um2_0_791.npy3323.npy,16.8,84.41193775508698,0.1826696345023079,14.0,0.8450000000000001
0,HFocusing_5_10_2um2_0_794.npy3324.npy,32.8,47.83049943684231,0.19176294964951351,17.0,0.541
0,HFocusing_5_10_2um2_0_794.npy3325.npy,34.4,33.76775340436857,0.17726100175323073,32.0,1.0125
0,HFocusing_5_10_2um2_0_797.npy3326.npy,32.0,30.261720051203014,0.14742328814573302,18.0,0.5765
0,HFocusing_5_10_2um2_0_797.npy3327.npy,18.4,48.134249671365936,0.1844198694653743,15.0,0.7725
0,HFocusing_5_10_2um2_0_797.npy3328.npy,32.0,34.28569104588689,0.14154871509211708,28.0,0.9145
0,HFocusing_5_10_2um2_0_797.npy3329.npy,32.0,30.67733352827038,0.14157705329670833,26.0,0.94
0,HFocusing_5_10_2um2_0_800.npy3330.npy,20.8,31.169333378130176,0.14759037530261115,21.0,1.0365000000000002
0,HFocusing_5_10_2um2_0_800.npy3331.npy,24.0,42.17278260022214,0.14693949917546228,18.0,0.7879999999999999
0,HFocusing_5_10_2um2_0_801.npy3332.npy,18.4,58.407223358623035,0.19031780501243103,15.0,0.8935
0,HFocusing_5_10_2um2_0_81.npy3333.npy,10.4,65.76794454230617,0.1737853525297509,11.0,1.0445
0,HFocusing_5_10_2um2_0_81.npy3334.npy,15.2,92.09826375344461,0.2419191766540622,16.0,0.9779999999999999
0,HFocusing_5_10_2um2_0_811.npy3335.npy,13.6,26.12020311420448,0.11376280232369256,14.0,1.064
0,HFocusing_5_10_2um2_0_812.npy3336.npy,12.8,84.9396991394064,0.16326337378682554,13.0,0.9359999999999999
0,HFocusing_5_10_2um2_0_815.npy3337.npy,14.4,68.37969817536491,0.16923868590198016,15.0,1.0735000000000001
0,HFocusing_5_10_2um2_0_818.npy3338.npy,11.2,51.762177718952465,0.14648464209419548,11.0,0.8995
0,HFocusing_5_10_2um2_0_821.npy3339.npy,33.6,41.98601001626756,0.18523269607318152,18.0,0.533
0,HFocusing_5_10_2um2_0_821.npy3340.npy,25.6,72.55003336357484,0.20803178751085452,21.0,0.8664999999999999
0,HFocusing_5_10_2um2_0_821.npy3341.npy,25.6,66.9739094764754,0.20776625765485948,18.0,0.76
0,HFocusing_5_10_2um2_0_824.npy3342.npy,16.8,16.926296013367924,0.08152342540093549,19.0,1.0965
0,HFocusing_5_10_2um2_0_825.npy3343.npy,14.4,63.172425342939334,0.1813223119307352,11.0,0.7494999999999999
0,HFocusing_5_10_2um2_0_828.npy3344.npy,23.2,45.137630908300146,0.1540386818334345,13.0,0.5255000000000001
0,HFocusing_5_10_2um2_0_828.npy3345.npy,22.4,23.854901113999045,0.0840131818447288,14.0,0.622
0,HFocusing_5_10_2um2_0_829.npy3346.npy,32.8,25.089007222853116,0.08771005223772912,34.0,1.1004999999999998
0,HFocusing_5_10_2um2_0_832.npy3347.npy,32.8,28.590139185806592,0.10475998579226405,17.0,0.5215000000000001
0,HFocusing_5_10_2um2_0_836.npy3348.npy,13.6,64.32132655144993,0.1948727868342161,12.0,1.019
0,HFocusing_5_10_2um2_0_84.npy3349.npy,15.2,105.31462693388409,0.2412845656208984,10.0,0.68
0,HFocusing_5_10_2um2_0_84.npy3350.npy,16.0,46.353477901318485,0.13871462045745975,12.0,0.7865
0,HFocusing_5_10_2um2_0_847.npy3351.npy,16.0,31.419329987661083,0.13639663015491854,15.0,0.962
0,HFocusing_5_10_2um2_0_850.npy3352.npy,33.6,43.34981771725,0.17750471902554465,14.0,0.4505
0,HFocusing_5_10_2um2_0_853.npy3353.npy,12.0,53.92298137913965,0.16239781815234022,12.0,1.0475
0,HFocusing_5_10_2um2_0_857.npy3354.npy,16.0,83.31267952372473,0.20506318449512664,17.0,1.0775
0,HFocusing_5_10_2um2_0_859.npy3355.npy,22.4,63.12603504512522,0.2308403157675145,11.0,0.49
0,HFocusing_5_10_2um2_0_859.npy3356.npy,22.4,63.12603504512522,0.2308403157675145,11.0,0.49
0,HFocusing_5_10_2um2_0_867.npy3357.npy,20.0,49.356968294430885,0.17223395355780466,14.0,0.7094999999999999
0,HFocusing_5_10_2um2_0_869.npy3358.npy,31.2,39.528444616415925,0.17575297410985313,26.0,0.875
0,HFocusing_5_10_2um2_0_870.npy3359.npy,10.4,55.14090927848432,0.12699901303084649,11.0,1.067
0,HFocusing_5_10_2um2_0_876.npy3360.npy,36.0,29.593359304640515,0.14649195744316104,23.0,0.666
0,HFocusing_5_10_2um2_0_876.npy3361.npy,13.6,15.984060734237865,0.06252666574818246,14.0,1.1505
0,HFocusing_5_10_2um2_0_877.npy3362.npy,14.4,55.11060272143957,0.1653066790685773,14.0,0.9864999999999999
0,HFocusing_5_10_2um2_0_883.npy3363.npy,10.4,15.84339771859883,0.09151262573697701,13.0,1.1405
0,HFocusing_5_10_2um2_0_883.npy3364.npy,15.2,48.30194591942256,0.1511360439473948,13.0,0.8254999999999999
0,HFocusing_5_10_2um2_0_887.npy3365.npy,19.2,32.09054065100533,0.12148020863739392,21.0,1.083
0,HFocusing_5_10_2um2_0_887.npy3366.npy,18.4,32.59235263928733,0.1381234661772219,16.0,0.9269999999999999
0,HFocusing_5_10_2um2_0_889.npy3367.npy,34.4,144.17361468393278,0.6287583792552516,15.0,0.4185
0,HFocusing_5_10_2um2_0_892.npy3368.npy,12.0,85.5918705132302,0.17366338964975633,11.0,0.8635
0,HFocusing_5_10_2um2_0_895.npy3369.npy,14.4,63.506264153881226,0.16060036227671987,14.0,0.949
0,HFocusing_5_10_2um2_0_900.npy3370.npy,11.2,89.63780983389258,0.15907092579029228,11.0,1.002
0,HFocusing_5_10_2um2_0_900.npy3371.npy,35.2,41.70075927336421,0.15258537576595563,14.0,0.3745
0,HFocusing_5_10_2um2_0_900.npy3372.npy,35.2,42.504903168956055,0.15276884551914693,18.0,0.5479999999999999
0,HFocusing_5_10_2um2_0_900.npy3373.npy,26.4,29.16841065709438,0.11771331402943995,26.0,1.013
0,HFocusing_5_10_2um2_0_903.npy3374.npy,35.2,20.82550551404234,0.10872154222158747,29.0,0.847
0,HFocusing_5_10_2um2_0_904.npy3375.npy,16.8,55.203531530513736,0.1545485021130512,11.0,0.6695
0,HFocusing_5_10_2um2_0_906.npy3376.npy,10.4,36.17451027967159,0.12973255300021747,7.0,0.62
0,HFocusing_5_10_2um2_0_91.npy3377.npy,14.4,55.8081517743825,0.15085868684810616,15.0,0.993
0,HFocusing_5_10_2um2_0_917.npy3378.npy,13.6,56.18748757939188,0.12464632863190173,10.0,0.673
0,HFocusing_5_10_2um2_0_924.npy3379.npy,15.2,42.79179944198539,0.12299187282198915,16.0,1.0354999999999999
0,HFocusing_5_10_2um2_0_924.npy3380.npy,11.2,111.20774553660024,0.23988099277637182,11.0,0.976
0,HFocusing_5_10_2um2_0_928.npy3381.npy,9.6,126.60795658412574,0.18636583580036858,11.0,1.062
0,HFocusing_5_10_2um2_0_931.npy3382.npy,22.4,367.87698848500264,1.592531032493017,11.0,0.544
0,HFocusing_5_10_2um2_0_935.npy3383.npy,25.6,36.891642030070116,0.1422635503994779,12.0,0.433
0,HFocusing_5_10_2um2_0_935.npy3384.npy,26.4,41.70409338289306,0.14278002670088744,13.0,0.507
0,HFocusing_5_10_2um2_0_938.npy3385.npy,17.6,68.06139151882871,0.1833651858497923,16.0,0.9075
0,HFocusing_5_10_2um2_0_94.npy3386.npy,9.6,13.39283221832341,0.08172822819063569,11.0,1.0915
0,HFocusing_5_10_2um2_0_94.npy3387.npy,20.8,23.942961368968046,0.1354874336153561,17.0,0.844
0,HFocusing_5_10_2um2_0_941.npy3388.npy,13.6,36.717145736243566,0.1431056180180042,15.0,1.1565
0,HFocusing_5_10_2um2_0_941.npy3389.npy,17.6,79.04278521619632,0.18573915216476994,15.0,0.803
0,HFocusing_5_10_2um2_0_949.npy3390.npy,8.8,39.15695550763848,0.12985079979501354,9.0,1.0895
0,HFocusing_5_10_2um2_0_949.npy3391.npy,28.8,22.562019648922412,0.09932624735696303,16.0,0.584
0,HFocusing_5_10_2um2_0_949.npy3392.npy,29.6,22.982955204775436,0.09931096268304636,24.0,0.8450000000000001
0,HFocusing_5_10_2um2_0_95.npy3393.npy,18.4,37.07891198033601,0.1505256623831348,15.0,0.799
0,HFocusing_5_10_2um2_0_953.npy3394.npy,12.0,33.87681530055849,0.1112309146024966,13.0,1.02
0,HFocusing_5_10_2um2_0_953.npy3395.npy,16.8,74.55932843419073,0.23393093677897658,12.0,0.7795000000000001
0,HFocusing_5_10_2um2_0_959.npy3396.npy,16.0,30.828782622341514,0.13138619103509147,15.0,1.021
0,HFocusing_5_10_2um2_0_960.npy3397.npy,14.4,85.8880464950978,0.18285667449404502,15.0,1.0679999999999998
0,HFocusing_5_10_2um2_0_960.npy3398.npy,32.8,41.27280462798682,0.1607808284141747,12.0,0.40099999999999997
0,HFocusing_5_10_2um2_0_960.npy3399.npy,32.0,40.66890032159768,0.1614943678887269,12.0,0.39849999999999997
0,HFocusing_5_10_2um2_0_960.npy3400.npy,32.8,42.43524764366309,0.16105957276467484,14.0,0.462
0,HFocusing_5_10_2um2_0_964.npy3401.npy,16.0,40.023982022085164,0.1250917936433603,13.0,0.873
0,HFocusing_5_10_2um2_0_964.npy3402.npy,16.0,39.07523260750188,0.17576157820392485,16.0,1.028
0,HFocusing_5_10_2um2_0_968.npy3403.npy,18.4,56.78862862235376,0.18303974135370488,15.0,0.879
0,HFocusing_5_10_2um2_0_971.npy3404.npy,10.4,100.8708418361872,0.22327398647382607,10.0,1.0074999999999998
0,HFocusing_5_10_2um2_0_974.npy3405.npy,12.0,101.24224452492602,0.22168761412426546,11.0,1.085
0,HFocusing_5_10_2um2_0_977.npy3406.npy,16.8,78.81810613005476,0.2143358730307477,15.0,0.93
0,HFocusing_5_10_2um2_0_980.npy3407.npy,11.2,119.15823727133105,0.24319694946292522,12.0,1.091
0,HFocusing_5_10_2um2_0_983.npy3408.npy,10.4,72.55467468959316,0.14654784740895113,11.0,1.0885
0,HFocusing_5_10_2um2_0_983.npy3409.npy,32.8,37.06616456344606,0.16228347239239713,31.0,0.9219999999999999
0,HFocusing_5_10_2um2_0_983.npy3410.npy,32.8,37.06616456344606,0.16228347239239713,31.0,0.9219999999999999
0,HFocusing_5_10_2um2_0_983.npy3411.npy,32.8,37.34994805213069,0.16227904455624464,30.0,0.9225
0,HFocusing_5_10_2um2_0_987.npy3412.npy,20.0,67.07122244323203,0.15534597570266737,15.0,0.805
0,HFocusing_5_10_2um2_0_991.npy3413.npy,12.0,51.81028585759845,0.1618384106864024,13.0,1.0610000000000002
0,HFocusing_5_10_2um2_0_994.npy3414.npy,16.8,54.34650122233972,0.178724226853889,16.0,1.0235
