name,val_Freq,amp_Freq,amp_Time,num_burst,passage
HFocusing_5_10_10um_0_1009.npy5.npy,13.6,194.3655892838682,0.4202257379673469,15.0,1.0790000000000002
HFocusing_5_10_10um_0_1025.npy9.npy,16.8,82.58283689771784,0.21686136207080303,12.0,0.6705
HFocusing_5_10_10um_0_1037.npy11.npy,19.2,125.85055105574831,0.328713617516835,12.0,0.642
HFocusing_5_10_10um_0_104.npy12.npy,20.8,103.36864395139473,0.33203023471994103,13.0,0.6675
HFocusing_5_10_10um_0_104.npy13.npy,20.8,100.17058384321366,0.33244156173114536,15.0,0.7240000000000001
HFocusing_5_10_10um_0_1052.npy19.npy,14.4,109.5283978297481,0.23581654583781295,15.0,1.0445
HFocusing_5_10_10um_0_1062.npy23.npy,19.2,139.52723329296845,0.3554613505437372,15.0,0.8400000000000001
HFocusing_5_10_10um_0_1065.npy24.npy,18.4,204.24327328659783,0.5449234054921225,16.0,0.821
HFocusing_5_10_10um_0_1068.npy25.npy,19.2,177.63158273403954,0.4381012750339153,13.0,0.6335
HFocusing_5_10_10um_0_1070.npy27.npy,18.4,118.44394568616698,0.46447356792156475,12.0,0.6975
HFocusing_5_10_10um_0_1074.npy28.npy,20.8,118.9367273090658,0.3004218977243424,18.0,0.8785000000000001
HFocusing_5_10_10um_0_1077.npy29.npy,16.0,127.40380454491661,0.3290255112696445,13.0,0.8
HFocusing_5_10_10um_0_108.npy30.npy,18.4,671.8575886042656,1.7872328881904453,15.0,0.8445
HFocusing_5_10_10um_0_1095.npy37.npy,14.4,153.64576337318627,0.33154130647544533,12.0,0.8595
HFocusing_5_10_10um_0_1099.npy38.npy,13.6,98.3859383348821,0.21119777756049854,14.0,1.081
HFocusing_5_10_10um_0_11.npy39.npy,28.0,135.12796834905055,0.3906838724393059,17.0,0.6585
HFocusing_5_10_10um_0_1108.npy41.npy,13.6,171.3980794505649,0.3803250813486481,15.0,1.017
HFocusing_5_10_10um_0_1115.npy42.npy,22.4,117.6777843941794,0.33316387611918974,13.0,0.587
HFocusing_5_10_10um_0_112.npy45.npy,27.2,88.13606957316424,0.281368666079915,18.0,0.7025
HFocusing_5_10_10um_0_1121.npy46.npy,13.6,147.5548274327503,0.28711943728546,12.0,0.9225
HFocusing_5_10_10um_0_1124.npy47.npy,18.4,111.77361727649736,0.2856657212738566,16.0,0.949
HFocusing_5_10_10um_0_1126.npy48.npy,22.4,81.60588041390412,0.23660414954506362,15.0,0.6765
HFocusing_5_10_10um_0_1126.npy49.npy,22.4,81.60588041390412,0.23660414954506362,15.0,0.6765
HFocusing_5_10_10um_0_1130.npy50.npy,20.0,139.97377237790133,0.37818380344234465,15.0,0.7699999999999999
HFocusing_5_10_10um_0_1140.npy54.npy,18.4,119.88765304969465,0.30855020258316695,14.0,0.773
HFocusing_5_10_10um_0_1145.npy56.npy,15.2,122.07642749304101,0.28478071009689027,15.0,1.038
HFocusing_5_10_10um_0_1149.npy59.npy,26.4,361.79312514004687,1.3622167526157545,19.0,0.7555
HFocusing_5_10_10um_0_1152.npy60.npy,16.0,181.78721772559493,0.4770020289841022,14.0,0.8445
HFocusing_5_10_10um_0_1155.npy61.npy,26.4,82.2338594964139,0.24390301784732638,19.0,0.7265
HFocusing_5_10_10um_0_116.npy63.npy,18.4,90.1476239969457,0.23034649856974265,13.0,0.7115
HFocusing_5_10_10um_0_1178.npy70.npy,23.2,189.80430700558165,0.5754316383371765,15.0,0.6489999999999999
HFocusing_5_10_10um_0_1181.npy71.npy,20.8,91.72897898842568,0.2700715210340783,13.0,0.6745
HFocusing_5_10_10um_0_1187.npy72.npy,14.4,817.8025200993645,1.5960442063794027,15.0,0.9705
HFocusing_5_10_10um_0_1197.npy74.npy,16.0,111.72123548649922,0.24820772414934617,16.0,1.0534999999999999
HFocusing_5_10_10um_0_1204.npy76.npy,15.2,158.06246958022322,0.3413362192064674,15.0,1.0430000000000001
HFocusing_5_10_10um_0_1207.npy77.npy,23.2,83.92053847667937,0.29806285180777947,15.0,0.6945
HFocusing_5_10_10um_0_1207.npy78.npy,24.0,167.43686798836728,0.5361584898492999,14.0,0.6355
HFocusing_5_10_10um_0_1210.npy79.npy,23.2,134.41164316382236,0.37838383394808983,18.0,0.824
HFocusing_5_10_10um_0_1213.npy80.npy,24.8,104.93351250478986,0.3205240310351449,15.0,0.6135
HFocusing_5_10_10um_0_1216.npy81.npy,14.4,287.991030433246,0.6275571639367702,16.0,1.049
HFocusing_5_10_10um_0_1219.npy82.npy,19.2,115.23029582202437,0.3075553731518509,15.0,0.8325
HFocusing_5_10_10um_0_122.npy83.npy,18.4,109.22558366177037,0.27089583920426247,15.0,0.7625000000000001
HFocusing_5_10_10um_0_122.npy84.npy,24.8,334.3336204130422,1.172662132775839,12.0,0.49200000000000005
HFocusing_5_10_10um_0_1221.npy86.npy,24.0,77.86902950775132,0.2581747044328978,17.0,0.7085
HFocusing_5_10_10um_0_1225.npy89.npy,16.0,107.89865779124568,0.28494728206903064,15.0,0.915
HFocusing_5_10_10um_0_1228.npy90.npy,13.6,178.92538662745827,0.36410177090401236,13.0,0.9645
HFocusing_5_10_10um_0_1232.npy91.npy,22.4,86.37621187412296,0.3079489842499097,17.0,0.8035
HFocusing_5_10_10um_0_1238.npy94.npy,20.8,106.10610929981878,0.29547234540112005,14.0,0.7290000000000001
HFocusing_5_10_10um_0_1241.npy95.npy,22.4,131.41048142509572,0.41833481733786393,12.0,0.583
HFocusing_5_10_10um_0_1248.npy97.npy,14.4,141.14619633318247,0.2603962413291705,15.0,1.0545
HFocusing_5_10_10um_0_126.npy99.npy,27.2,71.15505266934302,0.23169521405382473,15.0,0.5950000000000001
HFocusing_5_10_10um_0_1261.npy100.npy,16.0,97.69772494524902,0.23910144466326289,14.0,0.8795
HFocusing_5_10_10um_0_1264.npy101.npy,19.2,448.79824091644554,1.1583973621391697,16.0,0.9095000000000001
HFocusing_5_10_10um_0_1270.npy103.npy,24.0,347.74451771046756,1.0810192682279012,15.0,0.6805
HFocusing_5_10_10um_0_1280.npy106.npy,25.6,373.9973783889018,1.0200793092782234,18.0,0.7535000000000001
HFocusing_5_10_10um_0_1283.npy107.npy,25.6,76.88341905778134,0.27798724467043945,14.0,0.589
HFocusing_5_10_10um_0_1286.npy108.npy,18.4,84.42606885185626,0.2551943252145441,14.0,0.8180000000000001
HFocusing_5_10_10um_0_1294.npy111.npy,26.4,106.7443941087534,0.37221988985231996,14.0,0.5035000000000001
HFocusing_5_10_10um_0_1301.npy112.npy,11.2,190.16146947494053,0.28945808867000583,12.0,1.0275
HFocusing_5_10_10um_0_1311.npy115.npy,20.8,115.80171900976718,0.34464091121615514,19.0,0.9810000000000001
HFocusing_5_10_10um_0_1315.npy116.npy,24.0,117.3766048309093,0.4118283549654055,19.0,0.8450000000000001
HFocusing_5_10_10um_0_1318.npy117.npy,18.4,80.6335365807625,0.21188509013777715,14.0,0.712
HFocusing_5_10_10um_0_1322.npy118.npy,16.8,148.52301986419153,0.3222394345476192,15.0,0.829
HFocusing_5_10_10um_0_1325.npy119.npy,14.4,215.02760905637155,0.41104583044429815,15.0,1.0565
HFocusing_5_10_10um_0_1332.npy121.npy,17.6,131.75195310332717,0.3673252123046635,15.0,0.858
HFocusing_5_10_10um_0_1341.npy123.npy,17.6,87.8510088217365,0.30761659800106717,11.0,0.6875
HFocusing_5_10_10um_0_1347.npy125.npy,24.8,256.5978647233234,0.9425488313158975,16.0,0.6809999999999999
HFocusing_5_10_10um_0_1359.npy127.npy,21.6,75.2567005075706,0.20883033832602305,18.0,0.8675
HFocusing_5_10_10um_0_1362.npy128.npy,28.0,77.4255097253874,0.3061026606867706,15.0,0.55
HFocusing_5_10_10um_0_1362.npy130.npy,16.0,77.06342706211555,0.22621078102320819,16.0,0.962
HFocusing_5_10_10um_0_1366.npy132.npy,14.4,109.15790542746996,0.2293823993600808,14.0,0.976
HFocusing_5_10_10um_0_137.npy133.npy,18.4,85.577960575253,0.2614568895693601,19.0,1.0045
HFocusing_5_10_10um_0_1382.npy137.npy,20.0,101.14347018519886,0.2791728844190573,17.0,0.9039999999999999
HFocusing_5_10_10um_0_1386.npy138.npy,18.4,115.47334293679737,0.310255470961327,13.0,0.721
HFocusing_5_10_10um_0_1390.npy139.npy,19.2,112.42096302468502,0.29533866299277217,12.0,0.631
HFocusing_5_10_10um_0_1397.npy142.npy,11.2,185.10831098246442,0.28840900013503185,13.0,1.1219999999999999
HFocusing_5_10_10um_0_1407.npy144.npy,16.8,101.34843501616051,0.22499820863043513,12.0,0.7240000000000001
HFocusing_5_10_10um_0_141.npy145.npy,16.0,183.63530817098626,0.40303595169849,17.0,1.0405
HFocusing_5_10_10um_0_1411.npy146.npy,20.8,140.5211846883616,0.39885054835571654,15.0,0.7805000000000001
HFocusing_5_10_10um_0_1417.npy148.npy,10.4,296.2398079368811,0.3681832853115017,12.0,1.0935000000000001
HFocusing_5_10_10um_0_1424.npy151.npy,24.0,98.74307160578878,0.35588445497356863,13.0,0.5955
HFocusing_5_10_10um_0_144.npy158.npy,23.2,110.7540441770622,0.33333645601344414,12.0,0.562
HFocusing_5_10_10um_0_1443.npy159.npy,16.8,102.18972093986456,0.26292095098165247,14.0,0.8355
HFocusing_5_10_10um_0_1446.npy160.npy,24.8,87.77020415139353,0.3193192081065731,12.0,0.5025000000000001
HFocusing_5_10_10um_0_1463.npy165.npy,21.6,107.78464067479602,0.28017633314494417,15.0,0.6995
HFocusing_5_10_10um_0_1469.npy167.npy,20.0,85.77834291803714,0.25266983484891103,15.0,0.772
HFocusing_5_10_10um_0_1473.npy168.npy,23.2,103.619112792113,0.2949954210969089,15.0,0.655
HFocusing_5_10_10um_0_1476.npy169.npy,15.2,176.7534866703566,0.3323426997089125,14.0,0.9195
HFocusing_5_10_10um_0_1480.npy170.npy,13.6,99.58651752102215,0.2108661001236423,14.0,1.048
HFocusing_5_10_10um_0_1490.npy173.npy,12.8,1208.7634493376977,2.1278385247042113,13.0,1.0285
HFocusing_5_10_10um_0_1497.npy174.npy,24.0,135.29220970685125,0.4248385659581094,12.0,0.554
HFocusing_5_10_10um_0_150.npy176.npy,24.0,190.3285584662188,0.6241368638873852,15.0,0.6855
HFocusing_5_10_10um_0_1501.npy178.npy,26.4,68.03721183985564,0.27846041880516986,15.0,0.5640000000000001
HFocusing_5_10_10um_0_1514.npy183.npy,19.2,82.70151377230958,0.2558072072609169,17.0,0.9585
HFocusing_5_10_10um_0_1517.npy184.npy,20.8,102.8072201718499,0.32092596492343106,14.0,0.6815
HFocusing_5_10_10um_0_1517.npy185.npy,17.6,164.09157399560448,0.41931814926417516,13.0,0.7445
HFocusing_5_10_10um_0_1520.npy187.npy,14.4,135.66966191314538,0.26376158427596386,14.0,1.049
HFocusing_5_10_10um_0_1533.npy190.npy,22.4,108.11830249774688,0.3406464319391121,13.0,0.5509999999999999
HFocusing_5_10_10um_0_1538.npy193.npy,16.8,100.41156900790057,0.22829053671693714,15.0,0.873
HFocusing_5_10_10um_0_154.npy194.npy,17.6,67.9308175645711,0.19724089154024374,17.0,1.0174999999999998
HFocusing_5_10_10um_0_1541.npy195.npy,23.2,89.0417231387252,0.3338981664389432,13.0,0.61
HFocusing_5_10_10um_0_1541.npy196.npy,19.2,117.41954135705126,0.35650896121772996,17.0,0.8935
HFocusing_5_10_10um_0_1544.npy197.npy,24.0,114.03121026342694,0.4294774647839629,15.0,0.6265
HFocusing_5_10_10um_0_1547.npy198.npy,20.8,471.999955518837,1.3392196437553165,15.0,0.781
HFocusing_5_10_10um_0_1550.npy199.npy,13.6,170.80602027394022,0.30586879420871127,15.0,1.078
HFocusing_5_10_10um_0_1554.npy200.npy,15.2,133.87425612970085,0.3331598734816063,15.0,0.925
HFocusing_5_10_10um_0_1557.npy201.npy,22.4,104.2576764771912,0.2603922489383388,17.0,0.7775
HFocusing_5_10_10um_0_1560.npy202.npy,16.8,90.93322730355506,0.27671004865643706,13.0,0.834
HFocusing_5_10_10um_0_1568.npy205.npy,20.8,398.5001205072257,1.1691737059078737,14.0,0.739
HFocusing_5_10_10um_0_157.npy207.npy,18.4,110.66987899058343,0.2760379239826365,17.0,0.9359999999999999
HFocusing_5_10_10um_0_1572.npy208.npy,14.4,254.70576990359564,0.48763219882517106,14.0,0.9155
HFocusing_5_10_10um_0_1575.npy209.npy,20.0,79.3569855870857,0.20944178660124535,14.0,0.6970000000000001
HFocusing_5_10_10um_0_1582.npy211.npy,23.2,105.9841833136651,0.31544850289003273,16.0,0.6435
HFocusing_5_10_10um_0_1598.npy215.npy,16.0,186.56552970957333,0.37253879641695925,14.0,0.963
HFocusing_5_10_10um_0_160.npy217.npy,23.2,76.00054138228596,0.2482634875394453,17.0,0.789
HFocusing_5_10_10um_0_1604.npy218.npy,16.0,123.47614091628968,0.31415034699744143,14.0,0.923
HFocusing_5_10_10um_0_1608.npy219.npy,17.6,98.55320580167765,0.30983073758674196,15.0,0.87
HFocusing_5_10_10um_0_1614.npy220.npy,20.0,126.43983835215867,0.37226044117889523,15.0,0.7454999999999999
HFocusing_5_10_10um_0_1617.npy221.npy,18.4,97.16172813277913,0.25081632230362993,12.0,0.7364999999999999
HFocusing_5_10_10um_0_1621.npy222.npy,22.4,316.2563971927533,1.0315569008110188,13.0,0.601
HFocusing_5_10_10um_0_1628.npy225.npy,22.4,100.64472208184591,0.3026845437125139,13.0,0.5435
HFocusing_5_10_10um_0_1631.npy226.npy,17.6,106.25106135729145,0.25896111939496375,13.0,0.6970000000000001
HFocusing_5_10_10um_0_1638.npy230.npy,13.6,194.18668269114437,0.340000475309598,14.0,1.0545
HFocusing_5_10_10um_0_1638.npy232.npy,13.6,194.1037169056634,0.31563462262908626,14.0,1.0545
HFocusing_5_10_10um_0_1641.npy234.npy,17.6,102.51103082943013,0.28460791177804906,13.0,0.7414999999999999
HFocusing_5_10_10um_0_1641.npy235.npy,16.8,238.44463979997496,0.5580793770337491,15.0,0.9470000000000001
HFocusing_5_10_10um_0_1647.npy237.npy,16.8,321.47760938585424,0.7274551771880018,15.0,0.8664999999999999
HFocusing_5_10_10um_0_1650.npy238.npy,24.8,94.46223029574371,0.30808640831439676,13.0,0.5730000000000001
HFocusing_5_10_10um_0_1653.npy240.npy,27.2,79.98203879805438,0.25521747914526793,19.0,0.708
HFocusing_5_10_10um_0_1653.npy241.npy,21.6,63.96485664026705,0.25028007201085894,18.0,0.8019999999999999
HFocusing_5_10_10um_0_1656.npy242.npy,15.2,133.88538235264235,0.2788617810493276,11.0,0.8005
HFocusing_5_10_10um_0_1658.npy243.npy,22.4,469.7392687407319,1.2863362578488273,17.0,0.812
HFocusing_5_10_10um_0_1664.npy247.npy,13.6,212.61669551959085,0.42764225035653824,14.0,1.002
HFocusing_5_10_10um_0_1667.npy248.npy,22.4,153.48959303571883,0.4852024756840386,15.0,0.6809999999999999
HFocusing_5_10_10um_0_1680.npy252.npy,15.2,279.5250405431195,0.4801414310396253,14.0,0.9345
HFocusing_5_10_10um_0_1684.npy254.npy,26.4,208.69350488911894,0.774388988305132,14.0,0.5630000000000001
HFocusing_5_10_10um_0_1687.npy255.npy,16.0,203.02477640962678,0.4089953648393607,13.0,0.875
HFocusing_5_10_10um_0_169.npy257.npy,22.4,291.68483481903013,1.0210057901289187,14.0,0.6085
HFocusing_5_10_10um_0_1695.npy260.npy,21.6,62.464118645518354,0.249480029775097,17.0,0.8295
HFocusing_5_10_10um_0_1698.npy262.npy,12.8,180.7066489056739,0.3330603486647143,13.0,1.004
HFocusing_5_10_10um_0_1704.npy263.npy,20.8,174.73712654589468,0.4280964190719027,14.0,0.7355
HFocusing_5_10_10um_0_1716.npy266.npy,10.4,197.02677343697454,0.3137010600663563,11.0,0.9705
HFocusing_5_10_10um_0_172.npy267.npy,15.2,374.9857694955158,0.8178963521317815,12.0,0.8260000000000001
HFocusing_5_10_10um_0_1724.npy268.npy,16.8,72.9733099175022,0.23463674708132332,14.0,0.8825000000000001
HFocusing_5_10_10um_0_1733.npy271.npy,14.4,111.87208807423333,0.2304977763823392,12.0,0.799
HFocusing_5_10_10um_0_1736.npy272.npy,21.6,157.3055317919699,0.45620516751906387,14.0,0.707
HFocusing_5_10_10um_0_1747.npy279.npy,21.6,98.98424884115002,0.33832418149371396,12.0,0.5195
HFocusing_5_10_10um_0_1751.npy281.npy,21.6,92.509293774941,0.27184036511493087,12.0,0.5720000000000001
HFocusing_5_10_10um_0_1754.npy282.npy,16.0,117.08917699224718,0.3022207501862914,12.0,0.747
HFocusing_5_10_10um_0_1762.npy287.npy,22.4,90.7495902354665,0.2569500055100161,15.0,0.6295
HFocusing_5_10_10um_0_1772.npy293.npy,23.2,93.4213288746909,0.37260946994742844,16.0,0.6745
HFocusing_5_10_10um_0_1775.npy294.npy,14.4,119.90811787636652,0.2731112685483074,14.0,1.1019999999999999
HFocusing_5_10_10um_0_1779.npy297.npy,13.6,139.36206052927258,0.2694949504712787,13.0,0.9560000000000001
HFocusing_5_10_10um_0_1786.npy302.npy,24.8,124.14977716612839,0.41582910866992656,15.0,0.655
HFocusing_5_10_10um_0_179.npy303.npy,27.2,184.93261301734432,0.6145029318728265,23.0,0.9259999999999999
HFocusing_5_10_10um_0_179.npy304.npy,27.2,191.518085136498,0.6145074497119017,24.0,0.9655
HFocusing_5_10_10um_0_1791.npy305.npy,20.0,109.26615611634368,0.25823655230850523,15.0,0.7715000000000001
HFocusing_5_10_10um_0_1794.npy306.npy,24.0,94.2084232588114,0.280050212982083,18.0,0.7125
HFocusing_5_10_10um_0_1797.npy308.npy,20.8,87.51433958264766,0.24411613649512265,15.0,0.798
HFocusing_5_10_10um_0_1803.npy311.npy,24.0,121.42734797151199,0.4363942846422773,12.0,0.5075000000000001
HFocusing_5_10_10um_0_1807.npy312.npy,16.0,113.99829858802745,0.26547220755186757,16.0,1.0185000000000002
HFocusing_5_10_10um_0_1811.npy316.npy,14.4,119.49598615623013,0.2240758230776146,16.0,1.0705
HFocusing_5_10_10um_0_1815.npy317.npy,20.8,128.50875061699062,0.3600944195170704,15.0,0.7795000000000001
HFocusing_5_10_10um_0_182.npy319.npy,13.6,104.72123828596135,0.2724275799709919,8.0,0.63
HFocusing_5_10_10um_0_1822.npy320.npy,23.2,122.64839570668748,0.37042946679896316,15.0,0.695
HFocusing_5_10_10um_0_1825.npy321.npy,20.8,100.89189008682156,0.27402192318157576,16.0,0.775
HFocusing_5_10_10um_0_1829.npy322.npy,25.6,126.4922972014032,0.38047949056982294,17.0,0.6725
HFocusing_5_10_10um_0_1833.npy323.npy,26.4,104.2436447601621,0.41019653237325665,12.0,0.4625
HFocusing_5_10_10um_0_1842.npy326.npy,25.6,91.21138279508646,0.3358977937051115,18.0,0.7454999999999999
HFocusing_5_10_10um_0_1846.npy327.npy,21.6,121.01150682154308,0.3512586765355454,17.0,0.848
HFocusing_5_10_10um_0_185.npy329.npy,12.8,111.59753533366084,0.25793799080855684,13.0,1.075
HFocusing_5_10_10um_0_1850.npy331.npy,26.4,73.1231435328829,0.24412877053501825,17.0,0.655
HFocusing_5_10_10um_0_1853.npy333.npy,24.8,110.68566053895489,0.33466318936210926,22.0,0.92
HFocusing_5_10_10um_0_1859.npy335.npy,20.8,133.2103022573112,0.4599953518834373,17.0,0.8654999999999999
HFocusing_5_10_10um_0_1870.npy337.npy,26.4,122.99889809539735,0.3587022879388423,15.0,0.61
HFocusing_5_10_10um_0_1876.npy342.npy,23.2,79.98624637793945,0.22021692154490913,17.0,0.777
HFocusing_5_10_10um_0_1879.npy343.npy,18.4,121.60975530251838,0.3382142355091616,14.0,0.833
HFocusing_5_10_10um_0_1882.npy345.npy,16.0,183.98656345289737,0.38015317949182936,15.0,0.9924999999999999
HFocusing_5_10_10um_0_189.npy348.npy,14.4,116.73568438303819,0.33852953628701016,15.0,0.987
HFocusing_5_10_10um_0_1891.npy350.npy,23.2,84.94961166589546,0.2717601094994322,13.0,0.58
HFocusing_5_10_10um_0_19.npy353.npy,26.4,68.45350676022832,0.30390487585167164,13.0,0.514
HFocusing_5_10_10um_0_1905.npy354.npy,14.4,151.10278622894307,0.299420012307924,14.0,1.066
HFocusing_5_10_10um_0_1908.npy355.npy,19.2,153.2522161570174,0.44447004695069064,14.0,0.8130000000000001
HFocusing_5_10_10um_0_1912.npy356.npy,15.2,111.9461815547114,0.23429294043726945,12.0,0.8175
HFocusing_5_10_10um_0_1919.npy360.npy,25.6,72.95842810079326,0.263312348299241,13.0,0.5565
HFocusing_5_10_10um_0_1923.npy361.npy,17.6,129.96871430692687,0.29266468146520036,11.0,0.65
HFocusing_5_10_10um_0_1926.npy362.npy,8.8,739.320654891672,1.0457192153584358,10.0,1.0614999999999999
HFocusing_5_10_10um_0_1929.npy363.npy,22.4,81.5250262874003,0.2745759426679934,15.0,0.7195
HFocusing_5_10_10um_0_193.npy364.npy,21.6,531.5109116542304,1.5866226575327627,14.0,0.611
HFocusing_5_10_10um_0_1940.npy366.npy,15.2,91.82041289934958,0.18910261158308614,15.0,0.959
HFocusing_5_10_10um_0_1942.npy367.npy,12.8,368.9638543000487,0.7158848247553733,11.0,0.8895
HFocusing_5_10_10um_0_1948.npy370.npy,20.0,107.0262745455289,0.3049249316237903,13.0,0.6795
HFocusing_5_10_10um_0_1954.npy374.npy,23.2,79.39289228978134,0.2515377030746933,14.0,0.664
HFocusing_5_10_10um_0_1961.npy376.npy,18.4,207.06289874499643,0.5251493138645216,17.0,0.9785
HFocusing_5_10_10um_0_1964.npy377.npy,16.0,92.66130991104414,0.270954027735826,14.0,0.919
HFocusing_5_10_10um_0_197.npy379.npy,23.2,128.8493643431331,0.3669453169950556,21.0,0.9285
HFocusing_5_10_10um_0_1971.npy381.npy,16.0,247.6002297705463,0.572014951131205,14.0,0.891
HFocusing_5_10_10um_0_1988.npy384.npy,24.0,192.04105169601618,0.6643061887277626,23.0,0.9840000000000001
HFocusing_5_10_10um_0_1991.npy386.npy,16.0,288.31683413615264,0.6665453890478239,12.0,0.7464999999999999
HFocusing_5_10_10um_0_200.npy389.npy,23.2,92.97965069127714,0.25203905010729893,18.0,0.7915
HFocusing_5_10_10um_0_2007.npy393.npy,16.0,122.43116726096535,0.2929061153104466,17.0,1.0655000000000001
HFocusing_5_10_10um_0_2010.npy394.npy,24.0,136.28050388883383,0.5413413097807697,15.0,0.6645000000000001
HFocusing_5_10_10um_0_2010.npy395.npy,16.0,285.54124013150386,0.6637371007686738,16.0,1.0105
HFocusing_5_10_10um_0_2013.npy396.npy,24.0,111.0974519139327,0.37653712217844193,15.0,0.6145
HFocusing_5_10_10um_0_2023.npy398.npy,16.0,201.3644697671271,0.5365577522346197,13.0,0.87
HFocusing_5_10_10um_0_2027.npy399.npy,24.0,93.81654412719824,0.31177916074456113,13.0,0.5105
HFocusing_5_10_10um_0_2030.npy400.npy,19.2,102.9161291191317,0.26394671138108294,18.0,1.012
HFocusing_5_10_10um_0_204.npy401.npy,21.6,424.4197928070725,1.0598447189478637,18.0,0.8344999999999999
HFocusing_5_10_10um_0_2050.npy404.npy,24.8,81.8459071449281,0.2817867672030106,13.0,0.5225
HFocusing_5_10_10um_0_2056.npy405.npy,21.6,173.2256917788566,0.5544176693706357,13.0,0.6539999999999999
HFocusing_5_10_10um_0_2058.npy406.npy,13.6,104.65421402214531,0.22700209833578283,15.0,1.1260000000000001
HFocusing_5_10_10um_0_2062.npy407.npy,12.0,602.0177646022386,1.1552716983734728,11.0,0.9515
HFocusing_5_10_10um_0_2068.npy408.npy,16.8,101.04504662519132,0.2542435112250627,13.0,0.7985
HFocusing_5_10_10um_0_207.npy410.npy,24.0,87.13292946564086,0.2575581538697365,17.0,0.7494999999999999
HFocusing_5_10_10um_0_2075.npy412.npy,22.4,79.96839364533206,0.2831042896791908,13.0,0.636
HFocusing_5_10_10um_0_2079.npy413.npy,21.6,93.68222662972326,0.31840968824364796,24.0,1.0825
HFocusing_5_10_10um_0_2082.npy416.npy,25.6,60.74248922096111,0.2549513034509959,18.0,0.713
HFocusing_5_10_10um_0_2091.npy419.npy,24.8,192.68151312474166,0.6350401621192537,16.0,0.684
HFocusing_5_10_10um_0_2094.npy420.npy,13.6,202.03368823106956,0.3668569993282172,14.0,1.028
HFocusing_5_10_10um_0_2097.npy421.npy,12.8,127.2909943500246,0.2895777458146791,13.0,0.9395
HFocusing_5_10_10um_0_2100.npy423.npy,20.8,98.84613781299889,0.26765546132837714,13.0,0.6295
HFocusing_5_10_10um_0_2103.npy424.npy,27.2,121.99883302600684,0.35083883033680263,22.0,0.8495
HFocusing_5_10_10um_0_214.npy426.npy,18.4,118.51105345427925,0.3259244117092427,15.0,0.866
HFocusing_5_10_10um_0_217.npy427.npy,27.2,282.3989465238911,0.9532583577001127,16.0,0.6345
HFocusing_5_10_10um_0_221.npy428.npy,25.6,72.3878737771299,0.28862089160024573,18.0,0.7184999999999999
HFocusing_5_10_10um_0_224.npy429.npy,24.8,84.7675987491178,0.31495348750520963,16.0,0.7
HFocusing_5_10_10um_0_230.npy431.npy,24.8,346.3825032250773,0.8195026440567218,16.0,0.6995
HFocusing_5_10_10um_0_243.npy435.npy,18.4,96.87572719591658,0.28478406564964776,14.0,0.8325
HFocusing_5_10_10um_0_246.npy437.npy,24.0,112.3576507301978,0.420100809999792,15.0,0.6655
HFocusing_5_10_10um_0_249.npy438.npy,25.6,317.17957207570316,1.0560245226614489,15.0,0.629
HFocusing_5_10_10um_0_252.npy439.npy,23.2,81.14399805734405,0.2974818309098854,16.0,0.7380000000000001
HFocusing_5_10_10um_0_255.npy440.npy,23.2,98.73663100106542,0.3281006572625634,16.0,0.6980000000000001
HFocusing_5_10_10um_0_262.npy443.npy,23.2,84.8976230551658,0.33543857792198084,17.0,0.7685
HFocusing_5_10_10um_0_265.npy444.npy,24.0,106.9465293420103,0.35172693219916995,14.0,0.625
HFocusing_5_10_10um_0_272.npy448.npy,22.4,128.11172771778212,0.38612780665320906,14.0,0.6375000000000001
HFocusing_5_10_10um_0_279.npy450.npy,14.4,124.31637765516301,0.26422222686796787,14.0,1.0154999999999998
HFocusing_5_10_10um_0_282.npy451.npy,20.8,102.05476966399448,0.30983031335983674,13.0,0.6435
HFocusing_5_10_10um_0_286.npy453.npy,18.4,95.59728123613941,0.23190514011072308,15.0,0.8225
HFocusing_5_10_10um_0_289.npy455.npy,27.2,82.53899216818427,0.34132804234400804,13.0,0.4835
HFocusing_5_10_10um_0_295.npy457.npy,24.0,166.42119560816232,0.4290608575866733,17.0,0.7595
HFocusing_5_10_10um_0_298.npy458.npy,25.6,82.98637514157927,0.25818389171967665,16.0,0.6705
HFocusing_5_10_10um_0_301.npy460.npy,24.0,101.53476029284485,0.3059650504298591,15.0,0.6204999999999999
HFocusing_5_10_10um_0_304.npy461.npy,21.6,478.506966775253,1.2650920040450495,16.0,0.759
HFocusing_5_10_10um_0_307.npy462.npy,17.6,96.03543700819051,0.23945257900296552,13.0,0.7605
HFocusing_5_10_10um_0_310.npy463.npy,20.8,152.18337743433827,0.4166136151399831,15.0,0.721
HFocusing_5_10_10um_0_314.npy464.npy,25.6,81.57827434609287,0.26141364874630374,16.0,0.6005
HFocusing_5_10_10um_0_325.npy467.npy,24.0,101.55939125833945,0.34254908711704074,17.0,0.766
HFocusing_5_10_10um_0_329.npy469.npy,26.4,79.13744708396979,0.27907534614753954,18.0,0.721
HFocusing_5_10_10um_0_33.npy470.npy,23.2,148.6190595955485,0.38220623686278327,17.0,0.737
HFocusing_5_10_10um_0_332.npy471.npy,25.6,93.17516359204383,0.32737198062071604,14.0,0.598
HFocusing_5_10_10um_0_335.npy472.npy,19.2,101.82729950675572,0.25054135704269276,14.0,0.753
HFocusing_5_10_10um_0_337.npy473.npy,19.2,109.63255587160666,0.2681334975066052,13.0,0.699
HFocusing_5_10_10um_0_340.npy474.npy,20.8,193.09979573252974,0.4303733368871296,14.0,0.7255
HFocusing_5_10_10um_0_343.npy476.npy,16.0,145.16122394727475,0.28595152994286316,14.0,0.886
HFocusing_5_10_10um_0_346.npy477.npy,24.8,91.98787762434814,0.33252181176566803,13.0,0.4865
HFocusing_5_10_10um_0_350.npy478.npy,22.4,83.73253456024315,0.2908502277122597,15.0,0.7075
HFocusing_5_10_10um_0_354.npy480.npy,20.0,88.72364029979724,0.2598264930571282,16.0,0.7985
HFocusing_5_10_10um_0_36.npy482.npy,17.6,123.18873503579557,0.3236920938572494,14.0,0.7845000000000001
HFocusing_5_10_10um_0_365.npy484.npy,23.2,74.61090934675433,0.24108889323562996,18.0,0.799
HFocusing_5_10_10um_0_368.npy485.npy,25.6,70.01658554423011,0.2796428712958027,17.0,0.6980000000000001
HFocusing_5_10_10um_0_371.npy486.npy,18.4,401.2857926385791,0.9627798216412499,17.0,0.9814999999999999
HFocusing_5_10_10um_0_374.npy487.npy,18.4,664.5727618605387,1.6509692774185476,15.0,0.8720000000000001
HFocusing_5_10_10um_0_378.npy489.npy,20.8,269.36638434312266,0.8597869444970301,14.0,0.629
HFocusing_5_10_10um_0_381.npy491.npy,20.0,156.59705859234737,0.414649600735829,15.0,0.7585
HFocusing_5_10_10um_0_387.npy493.npy,21.6,126.74949821048898,0.4055707302531809,19.0,0.9475
HFocusing_5_10_10um_0_395.npy495.npy,20.8,105.15178149342859,0.3723828619625128,12.0,0.5945
HFocusing_5_10_10um_0_399.npy496.npy,20.8,120.2062562653396,0.3152288848022236,15.0,0.6815
HFocusing_5_10_10um_0_406.npy499.npy,20.8,135.25266916956474,0.42456691429472515,14.0,0.731
HFocusing_5_10_10um_0_410.npy500.npy,14.4,212.91698316942265,0.44642951750434323,14.0,1.001
HFocusing_5_10_10um_0_413.npy501.npy,24.8,93.13605121924994,0.395785590502422,11.0,0.4865
HFocusing_5_10_10um_0_424.npy505.npy,18.4,104.8429794442472,0.27533108509980225,13.0,0.665
HFocusing_5_10_10um_0_427.npy506.npy,24.0,79.91451472364419,0.28386955173005285,13.0,0.537
HFocusing_5_10_10um_0_43.npy507.npy,21.6,267.1814121311092,0.795621501573964,15.0,0.7395
HFocusing_5_10_10um_0_430.npy508.npy,16.8,291.9334741604487,0.6278300853584727,15.0,0.8375
HFocusing_5_10_10um_0_436.npy510.npy,20.0,176.40950739672323,0.5325798409703438,15.0,0.795
HFocusing_5_10_10um_0_450.npy514.npy,19.2,126.01237997170892,0.34313414650490964,17.0,0.887
HFocusing_5_10_10um_0_454.npy517.npy,17.6,219.7937951516891,0.5170238460425222,18.0,1.0105
HFocusing_5_10_10um_0_461.npy519.npy,26.4,89.95148212150865,0.2769468330719478,17.0,0.6975
HFocusing_5_10_10um_0_465.npy520.npy,26.4,219.79591598190822,0.8453639751394146,13.0,0.5035000000000001
HFocusing_5_10_10um_0_475.npy521.npy,16.0,184.94772589712016,0.3444420047856129,16.0,1.0105
HFocusing_5_10_10um_0_479.npy522.npy,17.6,365.6856597668367,1.1489878003417755,10.0,0.565
HFocusing_5_10_10um_0_482.npy523.npy,16.0,528.8837493074134,1.0560512445663959,14.0,0.9345
HFocusing_5_10_10um_0_486.npy526.npy,24.8,82.38841870976593,0.3231168785824553,16.0,0.6669999999999999
HFocusing_5_10_10um_0_491.npy529.npy,16.0,141.8208846216265,0.28936577644900086,15.0,0.9594999999999999
HFocusing_5_10_10um_0_498.npy531.npy,25.6,117.08176561038707,0.4459875819654382,15.0,0.5945
HFocusing_5_10_10um_0_5.npy532.npy,24.8,109.47008141223498,0.2978637301219134,15.0,0.6475
HFocusing_5_10_10um_0_507.npy538.npy,19.2,159.06534606309722,0.4656663844392646,15.0,0.8495
HFocusing_5_10_10um_0_513.npy539.npy,26.4,125.06874906152665,0.3952990034197776,15.0,0.614
HFocusing_5_10_10um_0_520.npy540.npy,20.0,131.37332226197708,0.3354910880010186,18.0,0.903
HFocusing_5_10_10um_0_523.npy542.npy,28.0,83.8305504249317,0.33893029590771495,13.0,0.512
HFocusing_5_10_10um_0_526.npy544.npy,12.8,140.07419916514328,0.24780328305718866,14.0,1.077
HFocusing_5_10_10um_0_529.npy545.npy,20.8,107.93154961953242,0.3675703067254333,17.0,0.8254999999999999
HFocusing_5_10_10um_0_545.npy548.npy,21.6,378.2042680952782,1.0546683096134266,14.0,0.6595000000000001
HFocusing_5_10_10um_0_55.npy552.npy,25.6,157.95982069500158,0.4269235121005628,17.0,0.678
HFocusing_5_10_10um_0_557.npy555.npy,20.8,98.0097655126893,0.29754027915065645,13.0,0.673
HFocusing_5_10_10um_0_560.npy556.npy,26.4,57.921810727066514,0.2502432378730534,19.0,0.7635
HFocusing_5_10_10um_0_563.npy557.npy,13.6,111.07776262704084,0.2633750799490976,16.0,1.1065
HFocusing_5_10_10um_0_566.npy558.npy,13.6,180.83425357215654,0.3341844266392974,12.0,0.967
HFocusing_5_10_10um_0_569.npy559.npy,19.2,237.7377821780247,0.5438200251422471,12.0,0.639
HFocusing_5_10_10um_0_572.npy560.npy,22.4,106.06375617479185,0.36451211740685,16.0,0.669
HFocusing_5_10_10um_0_574.npy561.npy,24.0,213.89360232995242,0.736907754969785,18.0,0.7985
HFocusing_5_10_10um_0_584.npy565.npy,26.4,72.41694170947599,0.3118011389303764,13.0,0.5425
HFocusing_5_10_10um_0_588.npy567.npy,20.8,280.89592204360383,0.8063971716898832,15.0,0.7745
HFocusing_5_10_10um_0_59.npy568.npy,28.8,147.62020974873033,0.6580866318517035,16.0,0.5975
HFocusing_5_10_10um_0_601.npy571.npy,16.8,99.0388601322135,0.26984614332359363,14.0,0.8865000000000001
HFocusing_5_10_10um_0_604.npy572.npy,15.2,134.40892205456936,0.2580450820174078,14.0,0.8915000000000001
HFocusing_5_10_10um_0_610.npy574.npy,12.0,171.9451758808708,0.3289332765709653,12.0,0.9864999999999999
HFocusing_5_10_10um_0_613.npy575.npy,12.0,80.31456154284596,0.26264159569083695,12.0,0.9295
HFocusing_5_10_10um_0_613.npy576.npy,19.2,100.79963475166048,0.30272207629938924,13.0,0.7025
HFocusing_5_10_10um_0_622.npy578.npy,23.2,95.37041081598476,0.31721742268989067,16.0,0.7015
HFocusing_5_10_10um_0_628.npy579.npy,12.0,122.34045955265906,0.2768313722351508,10.0,0.82
HFocusing_5_10_10um_0_632.npy580.npy,14.4,81.54366225251532,0.19734316501377686,12.0,0.8495
HFocusing_5_10_10um_0_639.npy581.npy,24.8,155.43234847006707,0.44416126483961615,17.0,0.737
HFocusing_5_10_10um_0_645.npy583.npy,16.8,127.26419477270025,0.3138386680561757,15.0,0.9695
HFocusing_5_10_10um_0_656.npy584.npy,17.6,107.3131184892218,0.27924775331826823,12.0,0.747
HFocusing_5_10_10um_0_658.npy585.npy,18.4,106.87737440990692,0.26301504262870146,13.0,0.6695
HFocusing_5_10_10um_0_661.npy587.npy,12.0,173.7570727096555,0.2962892014789664,12.0,0.968
HFocusing_5_10_10um_0_663.npy589.npy,20.0,150.4849737688226,0.48865949205077497,15.0,0.7935000000000001
HFocusing_5_10_10um_0_669.npy591.npy,14.4,239.17992937366913,0.4393375596305394,13.0,0.9065
HFocusing_5_10_10um_0_680.npy594.npy,21.6,134.04914136367674,0.3860908064492704,15.0,0.6535
HFocusing_5_10_10um_0_686.npy596.npy,22.4,310.8792462435038,1.0391556468965166,17.0,0.8145
HFocusing_5_10_10um_0_689.npy597.npy,15.2,74.24826735770488,0.18867479343136614,17.0,1.109
HFocusing_5_10_10um_0_69.npy598.npy,29.6,186.4360207252016,0.6259757032560306,15.0,0.519
HFocusing_5_10_10um_0_695.npy600.npy,22.4,260.14130606636553,0.8161903870787474,14.0,0.675
HFocusing_5_10_10um_0_695.npy601.npy,16.0,181.33574320328768,0.4291043213445939,16.0,1.0685
HFocusing_5_10_10um_0_701.npy602.npy,24.0,81.29426036456088,0.2844343517585608,17.0,0.762
HFocusing_5_10_10um_0_704.npy603.npy,26.4,115.37142635222492,0.43725154020982987,13.0,0.506
HFocusing_5_10_10um_0_707.npy604.npy,16.0,457.2941020280585,0.9475659590860379,16.0,1.017
HFocusing_5_10_10um_0_718.npy608.npy,12.0,210.48189403334564,0.47831822266974106,13.0,0.9985
HFocusing_5_10_10um_0_722.npy612.npy,16.8,185.13423577521152,0.4592675874585182,18.0,1.0150000000000001
HFocusing_5_10_10um_0_725.npy613.npy,25.6,125.66390462982889,0.3883933388948299,14.0,0.5860000000000001
HFocusing_5_10_10um_0_728.npy617.npy,20.0,122.94807273334126,0.35180246706639395,17.0,0.898
HFocusing_5_10_10um_0_734.npy619.npy,20.8,116.22079722202989,0.349864834352976,21.0,0.9894999999999999
HFocusing_5_10_10um_0_737.npy620.npy,14.4,93.0034152286627,0.18567591922977997,14.0,0.9115
HFocusing_5_10_10um_0_753.npy627.npy,15.2,187.963104454798,0.37454902260430833,15.0,1.0125
HFocusing_5_10_10um_0_757.npy628.npy,13.6,176.346208640048,0.35689681393998746,13.0,0.9914999999999999
HFocusing_5_10_10um_0_76.npy629.npy,21.6,71.50587876902517,0.25704879816287374,16.0,0.787
HFocusing_5_10_10um_0_765.npy631.npy,20.8,122.75082788843973,0.3888877911587061,14.0,0.7345
HFocusing_5_10_10um_0_772.npy633.npy,11.2,209.17688929505417,0.3013783468620015,13.0,1.0875
HFocusing_5_10_10um_0_775.npy634.npy,17.6,80.9481075205218,0.2318040572324541,12.0,0.7565000000000001
HFocusing_5_10_10um_0_782.npy641.npy,26.4,88.75389416983013,0.3086362655941863,13.0,0.508
HFocusing_5_10_10um_0_79.npy642.npy,22.4,98.47761364788171,0.36700062863137395,17.0,0.8025
HFocusing_5_10_10um_0_791.npy643.npy,19.2,118.6962877033933,0.3366045364361873,16.0,0.885
HFocusing_5_10_10um_0_8.npy645.npy,29.6,256.1800444682667,0.9498128932768151,17.0,0.6130000000000001
HFocusing_5_10_10um_0_803.npy647.npy,21.6,90.20670416905442,0.3049953470137389,12.0,0.5720000000000001
HFocusing_5_10_10um_0_813.npy651.npy,25.6,130.56528808891824,0.4405837452079444,17.0,0.709
HFocusing_5_10_10um_0_816.npy652.npy,27.2,52.938911588642235,0.2377332218998034,16.0,0.58
HFocusing_5_10_10um_0_816.npy653.npy,22.4,203.60791677092246,0.5566669857116121,14.0,0.6685000000000001
HFocusing_5_10_10um_0_819.npy654.npy,22.4,70.26562931787923,0.21679718648509366,17.0,0.7605
HFocusing_5_10_10um_0_82.npy655.npy,26.4,130.8402450142868,0.4610248346069439,14.0,0.575
HFocusing_5_10_10um_0_833.npy658.npy,15.2,171.29898674292974,0.32622417967074996,13.0,0.8675
HFocusing_5_10_10um_0_843.npy661.npy,20.0,140.0807105792291,0.3400342804917363,15.0,0.7565000000000001
HFocusing_5_10_10um_0_86.npy663.npy,26.4,102.68675130955408,0.3982216135724986,13.0,0.4685
HFocusing_5_10_10um_0_860.npy664.npy,13.6,506.99813210309776,1.1480771257767308,10.0,0.7295
HFocusing_5_10_10um_0_867.npy665.npy,26.4,83.8044294201156,0.2638885965626179,20.0,0.7699999999999999
HFocusing_5_10_10um_0_873.npy666.npy,20.8,91.29506125115026,0.2568949480406087,14.0,0.7175
HFocusing_5_10_10um_0_876.npy667.npy,13.6,151.05151675165214,0.30562422930243693,13.0,0.9475
HFocusing_5_10_10um_0_879.npy668.npy,23.2,128.15663527820348,0.3809016839946348,14.0,0.6635
HFocusing_5_10_10um_0_889.npy670.npy,15.2,291.2486911537782,0.5493433573669638,13.0,0.8654999999999999
HFocusing_5_10_10um_0_892.npy671.npy,10.4,776.1543932014873,1.7189873712136954,11.0,0.9794999999999999
HFocusing_5_10_10um_0_895.npy672.npy,23.2,188.40901602048487,0.5557917826939973,14.0,0.566
HFocusing_5_10_10um_0_902.npy676.npy,17.6,211.61723945947875,0.48033223054484286,17.0,0.9615
HFocusing_5_10_10um_0_913.npy681.npy,16.0,123.55574327534849,0.3007559592443813,14.0,0.937
HFocusing_5_10_10um_0_917.npy682.npy,16.0,129.7466218663131,0.24705237079022832,16.0,0.944
HFocusing_5_10_10um_0_920.npy683.npy,25.6,88.59099858895024,0.29017058855635325,18.0,0.721
HFocusing_5_10_10um_0_923.npy684.npy,24.0,189.956406028946,0.6531613930185357,13.0,0.5975
HFocusing_5_10_10um_0_930.npy690.npy,15.2,167.89026974372567,0.32870455777138574,15.0,1.0690000000000002
HFocusing_5_10_10um_0_933.npy691.npy,11.2,235.48747447769733,0.4366944930069779,12.0,1.056
HFocusing_5_10_10um_0_943.npy694.npy,14.4,155.2788020915193,0.31467069592393704,12.0,0.8635
HFocusing_5_10_10um_0_952.npy697.npy,18.4,85.1402451351733,0.23476068155866542,15.0,0.8685
HFocusing_5_10_10um_0_956.npy698.npy,24.8,78.7344636929726,0.2624416281654985,17.0,0.6955
HFocusing_5_10_10um_0_962.npy700.npy,12.8,115.28710519737666,0.25832716407860246,14.0,1.0775
HFocusing_5_10_10um_0_972.npy703.npy,16.0,118.66723038373225,0.2639551924484873,13.0,0.8375
HFocusing_5_10_10um_0_972.npy704.npy,25.6,268.1150119618379,0.7717290361537615,15.0,0.5615
HFocusing_5_10_10um_0_982.npy707.npy,15.2,143.27589435144353,0.34820232660881256,13.0,0.925
HFocusing_5_10_10um_0_985.npy708.npy,13.6,160.05777296509976,0.31008623677276276,13.0,0.977
HFocusing_5_10_10um_0_991.npy710.npy,20.8,110.46344204764452,0.3235002802792272,13.0,0.637
HFocusing_5_10_10um_0_994.npy711.npy,23.2,104.7369660496907,0.36473785091037264,14.0,0.616
HFocusing_5_10_10um_Calib_75.2897_0_1.npy713.npy,20.0,215.5128107507669,0.5003626112723669,17.0,0.809
particle_10um_00007.npy6.npy,12.8,542.0625311300183,1.3838480757149214,13.0,0.9944999999999999
particle_10um_00009.npy8.npy,16.8,289.8211080962938,0.9563346586238449,15.0,0.98
particle_10um_00010.npy9.npy,16.0,273.7187846996093,1.0155317114365163,12.0,0.7915
particle_10um_00011.npy10.npy,17.6,244.1521159895053,1.0166941758174683,14.0,0.808
particle_10um_00012.npy11.npy,16.8,262.3495185326435,0.9849593534722253,16.0,1.0585
particle_10um_00013.npy12.npy,16.8,235.48922380533563,0.8186102009759533,14.0,0.794
particle_10um_00014.npy13.npy,14.4,236.53044277975263,0.7319402873299393,17.0,1.108
particle_10um_00015.npy14.npy,17.6,207.9908686668078,0.9930974866612445,13.0,0.7475
particle_10um_00016.npy15.npy,16.8,222.4664510005436,0.769482360243737,12.0,0.7324999999999999
particle_10um_00018.npy16.npy,22.4,150.63886206781322,0.6410817944116963,17.0,0.7565000000000001
particle_10um_00019.npy17.npy,16.8,205.75571220918064,0.7228135684283004,17.0,1.0534999999999999
particle_10um_00021.npy18.npy,15.2,276.082884578971,0.8277297132243321,14.0,1.0745
particle_10um_00022.npy19.npy,17.6,256.7819093408154,0.9765577580975228,14.0,0.7795000000000001
particle_10um_00023.npy20.npy,15.2,229.00063472021145,0.7210367202549188,12.0,0.824
particle_10um_00024.npy21.npy,16.8,217.53677954175623,0.9139567748132414,12.0,0.8310000000000001
particle_10um_00025.npy22.npy,15.2,283.82662555354017,1.022253733641617,9.0,0.6759999999999999
particle_10um_00026.npy23.npy,16.0,217.12969656578557,0.7674270833632088,12.0,0.8275
particle_10um_00028.npy24.npy,15.2,216.58547955025625,0.922415047052236,9.0,0.615
particle_10um_00029.npy25.npy,16.0,167.17070636909196,0.5738278025438729,14.0,0.9065
particle_10um_00030.npy26.npy,16.8,176.68829358516234,0.6838179930942906,11.0,0.6685000000000001
particle_10um_00032.npy27.npy,15.2,182.84677232432233,0.7525274096477161,10.0,0.6275000000000001
particle_10um_00033.npy28.npy,16.8,203.1541577302017,0.6976477643276889,14.0,0.9275000000000001
particle_10um_00035.npy29.npy,10.4,360.73984734668045,1.0385675833743968,7.0,0.5995
particle_10um_00036.npy30.npy,13.6,215.33742668763932,0.9603334570906229,9.0,0.7485
particle_10um_00037.npy31.npy,18.4,174.9864383723368,0.7394673807049227,10.0,0.6155
particle_10um_00040.npy32.npy,16.0,217.42656737109064,0.8479363834563756,10.0,0.6465000000000001
particle_10um_00041.npy33.npy,16.8,254.7761611279354,1.056517549549566,7.0,0.5035000000000001
particle_10um_00042.npy34.npy,16.0,258.530846399681,0.9267927125538161,7.0,0.45899999999999996
particle_10um_00043.npy35.npy,17.6,294.2812721752662,1.0723638772626685,9.0,0.5345000000000001
particle_10um_00046.npy36.npy,16.8,194.11272832829792,0.8416997234868808,9.0,0.5725
particle_10um_00047.npy37.npy,17.6,212.25559206097336,0.7469761663204866,17.0,0.9684999999999999
particle_10um_00048.npy38.npy,16.8,199.73351229605623,0.7396139587702799,15.0,0.983
particle_10um_00049.npy39.npy,16.0,181.9381349875198,0.690806055092976,12.0,0.8350000000000001
particle_10um_00050.npy40.npy,17.6,178.25468643025914,0.6550278667462682,12.0,0.6930000000000001
particle_10um_00052.npy41.npy,16.8,162.3975224770677,0.741356999076009,10.0,0.5625
particle_10um_00053.npy42.npy,16.8,215.62203541816663,0.806687482869958,9.0,0.544
particle_10um_00054.npy43.npy,17.6,174.94445456522269,0.6455730446847392,15.0,0.873
particle_10um_00055.npy44.npy,18.4,217.61069896377802,0.891251633368005,13.0,0.734
particle_10um_00057.npy45.npy,24.0,176.73608331873265,1.3745743796417762,8.0,0.33849999999999997
particle_10um_00058.npy46.npy,20.8,113.60174118029472,0.692640772427747,7.0,0.34400000000000003
particle_10um_00059.npy47.npy,17.6,193.75000671668883,0.8239543994832872,10.0,0.5760000000000001
particle_10um_00061.npy48.npy,18.4,221.8179796582605,1.2931637904588067,11.0,0.656
particle_10um_00064.npy49.npy,20.0,188.62778547099734,1.9024830488454747,7.0,0.313
particle_10um_00064.npy50.npy,17.6,168.87425884899696,0.7311818305450648,10.0,0.633
particle_10um_00065.npy51.npy,16.0,120.87301829052059,0.5418896218600756,17.0,1.044
particle_10um_00067.npy52.npy,9.6,495.24277690033193,1.3117936797872671,10.0,0.948
particle_10um_00069.npy54.npy,11.2,237.9546114014235,0.9511023446056897,12.0,1.1460000000000001
particle_10um_00071.npy55.npy,14.4,429.07653586793833,1.4647090301448187,10.0,0.798
particle_10um_00072.npy56.npy,15.2,268.15646358242634,1.0126943441243523,15.0,0.975
particle_10um_00072.npy57.npy,11.2,633.7838458851669,1.589306901892459,13.0,1.106
particle_10um_00073.npy58.npy,15.2,275.53587467238816,0.8610928917855611,12.0,0.748
particle_10um_00076.npy59.npy,11.2,527.3132359784108,1.884365009938794,13.0,1.088
particle_10um_00077.npy60.npy,16.0,258.4712175083549,1.3086906049817968,7.0,0.3935
particle_10um_00078.npy62.npy,20.8,163.69287317179658,0.7083324830349205,12.0,0.601
particle_10um_00079.npy63.npy,18.4,345.3987152097286,1.3504390451594013,9.0,0.5559999999999999
particle_10um_00080.npy65.npy,18.4,184.66307568294857,0.7191998886220561,12.0,0.666
particle_10um_00081.npy66.npy,20.0,189.98661792438716,0.7663270452295707,9.0,0.47150000000000003
particle_10um_00082.npy67.npy,18.4,259.351518397007,1.136210015242365,12.0,0.66
particle_10um_00083.npy68.npy,19.2,334.90849682428313,1.5694590276015619,9.0,0.479
particle_10um_00085.npy69.npy,20.0,325.80365780454434,1.2160816560292491,16.0,0.808
particle_10um_00086.npy70.npy,16.8,262.14592960169705,1.100548509045882,12.0,0.8130000000000001
particle_10um_00087.npy71.npy,20.8,205.80392970575286,0.940148222303851,14.0,0.737
particle_10um_00089.npy72.npy,19.2,218.9125610869854,0.8426131123049367,13.0,0.753
particle_10um_00090.npy73.npy,22.4,237.97186818770416,1.9780633260180662,9.0,0.37
particle_10um_00091.npy74.npy,14.4,162.5712775425614,0.7316145790428753,10.0,0.7315
particle_10um_00092.npy75.npy,19.2,175.8524903460378,0.7588023923425855,13.0,0.7535000000000001
particle_10um_00093.npy76.npy,18.4,143.40030747752286,0.6709991038768726,12.0,0.7324999999999999
particle_10um_00094.npy77.npy,20.8,150.83720590714265,0.6901223871896225,18.0,0.8965000000000001
particle_10um_00095.npy78.npy,18.4,218.41858601676043,0.8485342245113269,12.0,0.6705
particle_10um_00097.npy80.npy,20.0,219.20273373617965,0.8833691907927682,9.0,0.4185
particle_10um_00099.npy81.npy,19.2,182.9585736968461,0.7239109927278826,14.0,0.7045
particle_10um_00100.npy82.npy,26.4,213.4961983933323,2.0398206729325756,8.0,0.313
particle_10um_00101.npy83.npy,14.4,130.3264053156093,0.5646043957470404,13.0,0.9905
particle_10um_00103.npy84.npy,19.2,176.09434067357998,0.7041572661414907,10.0,0.5365
particle_10um_00104.npy85.npy,20.0,158.4423923994754,0.6454911357161807,13.0,0.6615
particle_10um_00105.npy86.npy,28.0,173.54277178450658,2.0525347403914562,9.0,0.331
particle_10um_00106.npy87.npy,20.8,127.83676405781463,0.9560329206725088,8.0,0.3945
particle_10um_00107.npy88.npy,20.8,164.04490345225244,0.6410251084965537,15.0,0.7315
particle_10um_00109.npy89.npy,17.6,226.48194678642497,1.4102794213100818,6.0,0.348
particle_10um_00114.npy91.npy,19.2,257.9173003589065,1.08479647831976,8.0,0.4795
particle_10um_00115.npy92.npy,27.2,182.25387011188062,1.6657314586295682,9.0,0.33849999999999997
particle_10um_00119.npy93.npy,28.8,243.58797567301428,2.6302589913771537,10.0,0.32449999999999996
particle_10um_00120.npy94.npy,11.2,443.89137328760785,1.9084392978848164,5.0,0.455
particle_10um_00121.npy95.npy,17.6,339.2893520884588,1.7749175274945588,7.0,0.35300000000000004
particle_10um_00122.npy96.npy,19.2,157.31557129010926,1.9822430574784167,7.0,0.328
particle_10um_00123.npy97.npy,20.8,195.66880213336987,0.8339683846200662,11.0,0.5835
particle_10um_00128.npy98.npy,21.6,223.23332692069607,1.688282620955904,16.0,1.125
particle_10um_00129.npy99.npy,26.4,311.69327979599757,2.8908327391040447,9.0,0.314
particle_10um_00130.npy100.npy,18.4,464.17659829975025,2.7938715363906397,7.0,0.34400000000000003
particle_10um_00131.npy101.npy,20.8,254.55958569048914,0.9753352934896075,15.0,0.7494999999999999
particle_10um_00132.npy102.npy,13.6,346.72864397132514,2.16753477340008,6.0,0.374
particle_10um_00135.npy104.npy,16.0,155.1210748329978,1.5335824178535002,8.0,0.4375
particle_10um_00139.npy110.npy,20.8,130.5068494802042,0.5531502316071434,18.0,0.9309999999999999
particle_10um_00140.npy111.npy,20.8,174.9267820071036,1.8882526407242157,7.0,0.3025
particle_10um_00142.npy112.npy,21.6,251.90973372794082,1.545448064870311,9.0,0.38949999999999996
particle_10um_00145.npy113.npy,19.2,221.93797929047096,1.4423025158247513,7.0,0.3275
particle_10um_00149.npy114.npy,19.2,131.39767022323588,0.600149688039642,17.0,0.8744999999999999
particle_10um_00151.npy116.npy,14.4,141.29527914393339,0.7727678629799339,11.0,0.8595
particle_10um_00151.npy117.npy,14.4,128.50233723617112,0.7709833040818648,11.0,0.79
particle_10um_00155.npy121.npy,28.8,253.5613710783446,2.797451146889644,10.0,0.35750000000000004
particle_10um_00158.npy122.npy,26.4,270.0961244068632,3.0096531905240473,9.0,0.34450000000000003
particle_10um_00163.npy126.npy,16.0,210.63971741079857,0.9006739193920941,11.0,0.7200000000000001
particle_10um_00164.npy128.npy,17.6,136.4268604087114,0.6196999851444029,15.0,0.944
particle_10um_00166.npy129.npy,17.6,93.89705879039391,0.43276589419125217,14.0,0.841
particle_10um_00167.npy131.npy,18.4,168.80428897932015,0.6406322711782046,11.0,0.6755
particle_10um_00168.npy133.npy,18.4,156.3605778583867,0.6590314291862049,8.0,0.5045
particle_10um_00170.npy134.npy,18.4,181.15477590812995,0.6460392942688257,7.0,0.441
particle_10um_00172.npy135.npy,16.0,174.8618163894192,0.6301468520103981,13.0,0.8394999999999999
particle_10um_00173.npy136.npy,20.8,131.78840868889168,0.5549402150630081,12.0,0.587
particle_10um_00174.npy138.npy,22.4,99.17082840686388,0.7608394484622648,8.0,0.32949999999999996
particle_10um_00175.npy139.npy,16.8,114.59358937955778,0.5070381037937163,15.0,0.8695
particle_10um_00176.npy140.npy,18.4,152.97974976283845,0.5899837496475253,8.0,0.438
particle_10um_00177.npy141.npy,18.4,158.2686000257963,0.6419217307360016,17.0,1.012
particle_10um_00178.npy142.npy,17.6,140.87717645485978,0.6621625616194246,11.0,0.651
particle_10um_00179.npy143.npy,21.6,139.22673240755284,0.5967428931275891,15.0,0.8905000000000001
particle_10um_00180.npy145.npy,16.8,110.96115848613093,0.5827884174250729,10.0,0.6679999999999999
particle_10um_00181.npy146.npy,18.4,139.9121372736204,0.6509882218254763,13.0,0.7935000000000001
particle_10um_00182.npy147.npy,20.0,258.6952000115003,1.9899280806573247,8.0,0.42250000000000004
particle_10um_00183.npy149.npy,18.4,134.72189698545975,0.5346592232053186,8.0,0.518
particle_10um_00184.npy150.npy,19.2,156.28779654931728,0.6921129336626528,15.0,0.862
particle_10um_00185.npy151.npy,17.6,203.49334842531238,0.7499379225084285,7.0,0.4165
particle_10um_00186.npy153.npy,19.2,128.3223351976232,0.5494212649893362,14.0,0.805
particle_10um_00187.npy154.npy,9.6,149.11897775766548,0.5102288405036219,5.0,0.517
particle_10um_00187.npy155.npy,16.8,164.86820601825627,0.7139981225774674,9.0,0.495
particle_10um_00188.npy156.npy,19.2,138.45072530671533,0.7096964978028686,12.0,0.596
particle_10um_00189.npy157.npy,22.4,162.69996799684162,0.7157506278148035,12.0,0.601
particle_10um_00190.npy158.npy,24.0,178.7782135988957,1.4408229502327814,8.0,0.307
particle_10um_00191.npy159.npy,22.4,201.26617671918413,2.2832069679982014,8.0,0.3705
particle_10um_00192.npy161.npy,26.4,99.70868250390825,0.9723118472598256,9.0,0.3105
particle_10um_00193.npy165.npy,18.4,268.04960636876086,2.105472315744035,7.0,0.342
particle_10um_00194.npy166.npy,15.2,92.83865377119625,0.47104534081474025,13.0,0.8885
particle_10um_00195.npy167.npy,20.0,123.5353355607045,0.9973745909140245,9.0,0.453
particle_10um_00197.npy168.npy,28.0,198.34443624713276,1.9350593459292473,9.0,0.2985
particle_10um_00198.npy169.npy,23.2,269.3382947523449,3.2232535206979147,9.0,0.3905
particle_10um_00199.npy170.npy,21.6,173.77443718513487,1.665087287369415,8.0,0.3345
particle_10um_00202.npy171.npy,18.4,201.5681687368786,0.8826015614600327,9.0,0.5145
particle_10um_00203.npy172.npy,19.2,173.57053130188757,0.7892055552818339,8.0,0.3745
particle_10um_00206.npy173.npy,19.2,171.78353549274993,0.7835682657437429,16.0,0.9045000000000001
particle_10um_00207.npy174.npy,20.8,142.80094598060825,0.6271585601853433,12.0,0.6335
particle_10um_00208.npy175.npy,15.2,139.1078121638379,0.7005779648043359,15.0,0.9309999999999999
particle_10um_00209.npy177.npy,19.2,151.4794963831782,0.592517642808244,10.0,0.5915
particle_10um_00210.npy178.npy,19.2,132.3319306356766,0.6479884081692093,16.0,0.9045000000000001
particle_10um_00211.npy179.npy,16.8,138.55145576426975,0.6012744548881257,10.0,0.6214999999999999
particle_10um_00212.npy180.npy,17.6,173.00834393510553,0.6073823512158102,12.0,0.7649999999999999
particle_10um_00213.npy181.npy,20.8,121.06994854300113,0.5707021576524801,17.0,1.0415
particle_10um_00215.npy183.npy,17.6,163.81797933318379,0.6972479332219043,15.0,1.008
particle_10um_00217.npy184.npy,28.0,289.5477534896571,2.962125197298697,10.0,0.3325
particle_10um_00218.npy185.npy,19.2,141.63240942905966,0.6235614247689883,10.0,0.5995
particle_10um_00219.npy186.npy,18.4,143.91230782010348,0.6005297763788705,17.0,1.0575
particle_10um_00220.npy188.npy,19.2,106.49915418461504,0.4703822778150232,10.0,0.5195
particle_10um_00221.npy189.npy,16.0,169.26798740896714,0.5647449252835196,10.0,0.7115
particle_10um_00222.npy191.npy,16.8,129.85214907793818,0.6513174180935556,12.0,0.741
particle_10um_00223.npy192.npy,18.4,152.8154991840641,0.6393894793177801,13.0,0.6759999999999999
particle_10um_00226.npy194.npy,15.2,157.13654537008276,0.7068156344671237,10.0,0.678
particle_10um_00227.npy195.npy,16.8,191.3115114276034,0.7353101787183733,10.0,0.674
particle_10um_00229.npy196.npy,18.4,204.53724633420302,1.0984575723263317,15.0,0.8915000000000001
particle_10um_00230.npy198.npy,21.6,155.82006561375098,0.7079260460794601,13.0,0.5640000000000001
particle_10um_00231.npy199.npy,17.6,164.76105032445608,0.6552648220724876,16.0,0.9944999999999999
particle_10um_00232.npy204.npy,19.2,182.1703416476706,0.8065222596595797,12.0,0.6515
particle_10um_00235.npy205.npy,20.8,166.6785583179897,0.6792963916089767,13.0,0.5934999999999999
particle_10um_00237.npy206.npy,24.0,381.567405836716,3.2464405149274524,8.0,0.34600000000000003
particle_10um_00242.npy207.npy,13.6,144.87432933685662,0.7766253472635813,12.0,0.8564999999999999
particle_10um_00243.npy208.npy,19.2,149.11833180024738,0.7026166718561268,9.0,0.49549999999999994
particle_10um_00244.npy209.npy,19.2,132.0649077706744,0.6381999697235442,12.0,0.651
particle_10um_00244.npy210.npy,19.2,137.97801113002353,0.6381818718707148,15.0,0.8069999999999999
particle_10um_00245.npy211.npy,18.4,151.9883044834815,0.695034687013291,13.0,0.7969999999999999
particle_10um_00246.npy212.npy,17.6,146.66356987808092,0.6449753078581392,15.0,0.9245
particle_10um_00248.npy216.npy,24.0,75.91796153417158,1.0637357144235404,13.0,0.5435
particle_10um_00250.npy225.npy,18.4,130.61697248920137,0.5503640785832334,17.0,0.962
particle_10um_00251.npy226.npy,26.4,144.1823805278921,1.1686641306075722,10.0,0.3535
particle_10um_00252.npy227.npy,17.6,141.7395172703328,0.5577521616137212,14.0,0.874
particle_10um_00253.npy228.npy,26.4,344.32127876839786,3.173301259282326,8.0,0.311
particle_10um_00254.npy229.npy,22.4,258.43900924200733,2.27735031828594,8.0,0.328
particle_10um_00254.npy230.npy,22.4,258.78402841349373,2.2773353291001746,8.0,0.328
particle_10um_00255.npy231.npy,13.6,298.9025621879024,1.1425496150713663,7.0,0.4765
particle_10um_00257.npy232.npy,12.0,279.99425487264995,0.7970149548470563,13.0,1.063
particle_10um_00259.npy233.npy,20.0,260.69298281854213,2.3610810365299777,6.0,0.36200000000000004
particle_10um_00260.npy234.npy,13.6,195.97776096442357,0.57272193852541,12.0,0.9465
particle_10um_00261.npy235.npy,16.0,121.84684096966015,0.5519477048504947,16.0,1.0690000000000002
particle_10um_00262.npy236.npy,16.0,128.56232861609894,0.49262540970804475,10.0,0.7284999999999999
particle_10um_00263.npy238.npy,16.0,125.86535785781659,0.5415434256157231,10.0,0.7265
particle_10um_00264.npy239.npy,17.6,167.96573429668035,0.6155171745270722,10.0,0.5950000000000001
particle_10um_00265.npy240.npy,16.8,125.75199172691028,0.5288793295609502,11.0,0.624
particle_10um_00266.npy241.npy,20.0,110.66809572719956,0.48660167798072007,13.0,0.6589999999999999
particle_10um_00268.npy242.npy,15.2,225.8929092441974,0.8594527756708041,16.0,1.0925
particle_10um_00269.npy243.npy,16.8,165.11778280688415,0.7317881070825683,12.0,0.8009999999999999
particle_10um_00270.npy244.npy,14.4,154.56749511328556,0.6301404328013797,15.0,1.085
particle_10um_00271.npy245.npy,16.8,155.89783828869844,0.6431972632858335,9.0,0.5445
particle_10um_00271.npy246.npy,16.8,158.3261108704803,0.6432339272380582,10.0,0.673
particle_10um_00272.npy247.npy,19.2,132.00582400095178,0.5186728974846402,13.0,0.6849999999999999
particle_10um_00273.npy249.npy,19.2,129.4962261538301,0.5716902753380301,12.0,0.589
particle_10um_00274.npy250.npy,17.6,139.48983171737677,0.6236840638131478,14.0,0.886
particle_10um_00275.npy251.npy,17.6,135.70795141010214,0.5228370231383969,13.0,0.83
particle_10um_00276.npy253.npy,17.6,128.68847651034983,0.4970146091656446,12.0,0.7110000000000001
particle_10um_00277.npy254.npy,18.4,150.28236468086888,0.7080650235152799,8.0,0.456
particle_10um_00277.npy255.npy,17.6,181.75457500523757,0.7060579308309997,13.0,0.755
particle_10um_00278.npy256.npy,16.0,162.2375960048238,0.69327757632123,8.0,0.5925
particle_10um_00279.npy257.npy,14.4,163.33149292617117,0.6548814321181418,11.0,0.753
particle_10um_00280.npy258.npy,20.0,122.71987897432943,0.5719222123776754,12.0,0.611
particle_10um_00281.npy259.npy,15.2,151.98263292842458,0.6169332195677941,9.0,0.6315000000000001
particle_10um_00282.npy260.npy,17.6,144.14664114325407,0.5373952151912987,12.0,0.752
particle_10um_00283.npy261.npy,16.8,156.24703150817285,0.6865460222672519,9.0,0.6164999999999999
particle_10um_00284.npy262.npy,20.0,200.2239682847915,1.645906194000034,8.0,0.368
particle_10um_00284.npy263.npy,15.2,181.68821186359608,0.566551307804144,12.0,0.882
particle_10um_00285.npy264.npy,16.8,269.936722646495,1.1763247159239554,12.0,0.8105
particle_10um_00286.npy265.npy,19.2,119.34279472853797,0.43037018451213266,15.0,0.862
particle_10um_00287.npy266.npy,20.8,285.1920946875194,3.561748169577119,8.0,0.348
particle_10um_00288.npy267.npy,14.4,129.046882441659,0.5114505158470819,11.0,0.7965
particle_10um_00289.npy268.npy,18.4,135.1375925868781,0.4843626162693644,16.0,0.919
particle_10um_00290.npy270.npy,17.6,140.87348689175084,0.7390264662074586,10.0,0.5934999999999999
particle_10um_00291.npy271.npy,16.8,201.44118153397764,0.8308798148369829,12.0,0.7955
particle_10um_00292.npy272.npy,16.0,243.49204769239117,1.0399334324354987,11.0,0.776
particle_10um_00296.npy273.npy,16.0,144.5815897364774,0.7397853717125425,6.0,0.398
particle_10um_00301.npy274.npy,17.6,122.88174528957005,0.9521213013795311,15.0,0.8755
particle_10um_00302.npy275.npy,17.6,139.63790788580752,0.5681182960250865,11.0,0.7015
particle_10um_00305.npy276.npy,16.8,142.82047168912496,0.6410440230897467,9.0,0.5395000000000001
particle_10um_00306.npy277.npy,23.2,199.6943326441871,1.8649538955158167,7.0,0.3105
particle_10um_00306.npy278.npy,24.0,252.31359686078005,2.5800799376144075,8.0,0.339
particle_10um_00307.npy279.npy,17.6,302.6604956627764,1.7311610692394257,8.0,0.45849999999999996
particle_10um_00315.npy280.npy,17.6,147.764295692611,0.621776081681906,9.0,0.5379999999999999
particle_10um_00317.npy281.npy,20.8,326.33632821636536,2.0852694304366697,8.0,0.35300000000000004
particle_10um_00318.npy282.npy,16.0,121.52139123853743,0.7111392120742148,13.0,0.7675
particle_10um_00319.npy283.npy,16.8,128.08284492682841,0.579605394629616,7.0,0.434
particle_10um_00319.npy284.npy,16.8,133.95440055973526,0.5764581803540038,17.0,1.0510000000000002
particle_10um_00324.npy285.npy,17.6,102.44928516025072,0.5252217181708975,11.0,0.6505000000000001
particle_10um_00325.npy286.npy,22.4,363.64694303939876,2.8064154135189607,8.0,0.32899999999999996
particle_10um_00325.npy287.npy,16.8,121.38251518575058,0.5687076407959367,17.0,1.1039999999999999
particle_10um_00325.npy288.npy,16.0,119.5178394302485,0.5686251021275389,11.0,0.7085
particle_10um_00326.npy289.npy,24.0,225.7671481608722,2.0740560308518754,8.0,0.3025
particle_10um_00329.npy290.npy,16.8,168.5272831843804,0.6719212557164655,15.0,0.9219999999999999
particle_10um_00333.npy291.npy,16.8,143.25445747636365,0.9028338119624261,7.0,0.43
particle_10um_00337.npy292.npy,16.8,130.18995899597118,1.0205257335875844,7.0,0.41750000000000004
particle_10um_00337.npy293.npy,17.6,133.73687903538925,1.0203510517297978,7.0,0.4745
particle_10um_00340.npy295.npy,20.8,337.75601464926643,2.853401340722778,8.0,0.41100000000000003
particle_10um_00342.npy296.npy,15.2,237.9706987611894,0.8994597122189197,7.0,0.4835
particle_10um_00343.npy297.npy,16.8,233.39807576984632,0.9434910635659696,16.0,1.042
particle_10um_00344.npy298.npy,20.0,110.95833400434833,0.7217852510174017,7.0,0.357
particle_10um_00345.npy299.npy,24.0,387.7437844173589,2.7513502657433846,13.0,0.583
particle_10um_00346.npy300.npy,11.2,159.38263516625716,0.7048322992515237,7.0,0.7454999999999999
particle_10um_00347.npy302.npy,16.0,171.98261339736996,0.7792670964751958,9.0,0.66
particle_10um_00348.npy303.npy,22.4,162.61814680026373,0.8079303722658091,14.0,0.6865
particle_10um_00349.npy304.npy,20.0,206.43324141137302,1.0645628526343025,9.0,0.448
particle_10um_00350.npy305.npy,26.4,322.64739362118956,2.954053894666838,8.0,0.3145
particle_10um_00351.npy306.npy,16.8,243.27175664952986,0.9523836229593292,8.0,0.42700000000000005
particle_10um_00353.npy309.npy,16.8,224.48292988873493,0.9282920541351553,16.0,0.9779999999999999
particle_10um_00356.npy310.npy,19.2,192.44376261701797,0.8790921544268936,15.0,0.8695
particle_10um_00357.npy311.npy,15.2,152.46655187996146,0.7601617359420547,12.0,0.7919999999999999
particle_10um_00358.npy312.npy,19.2,172.45202272250685,0.7204846794980715,14.0,0.812
particle_10um_00359.npy313.npy,20.0,132.70189430735448,0.5447913944139369,14.0,0.674
particle_10um_00361.npy314.npy,20.8,158.56217470993835,0.729552402541,14.0,0.644
particle_10um_00362.npy315.npy,20.0,142.13010725070694,0.683976143521048,15.0,0.7695
particle_10um_00363.npy316.npy,21.6,126.61427115644275,0.5803110654842959,16.0,0.815
particle_10um_00364.npy317.npy,20.0,270.70303954341233,1.7142815166272964,8.0,0.3725
particle_10um_00365.npy318.npy,18.4,189.46770151191092,0.7618608961786616,15.0,0.886
particle_10um_00366.npy319.npy,17.6,146.4642125012529,0.6939028103405128,9.0,0.536
particle_10um_00367.npy320.npy,23.2,135.7531366506834,0.7026111086746017,14.0,0.666
particle_10um_00368.npy321.npy,21.6,123.64576742410547,0.5572457022806161,13.0,0.6605
particle_10um_00369.npy322.npy,18.4,123.06409690746185,0.6022495513438056,8.0,0.4575
particle_10um_00370.npy323.npy,19.2,149.7281198085782,0.6275002522990033,15.0,0.789
particle_10um_00371.npy324.npy,15.2,200.8984267814631,0.7583616372663471,15.0,0.9395
particle_10um_00373.npy325.npy,17.6,129.39199322346295,0.5518496894050805,14.0,0.8075
particle_10um_00374.npy326.npy,21.6,123.48429243452395,0.6024490651873284,13.0,0.6135
particle_10um_00375.npy327.npy,19.2,160.62211010992704,0.8390488886852013,7.0,0.366
particle_10um_00375.npy328.npy,18.4,187.40422820687152,0.8388782566937545,8.0,0.5135
particle_10um_00376.npy329.npy,18.4,144.58448351488127,0.6138473160784148,16.0,0.9625
particle_10um_00377.npy330.npy,20.8,111.70899163927264,0.4670165092408074,12.0,0.619
particle_10um_00378.npy331.npy,21.6,153.82686259847824,1.5200400420689533,9.0,0.4395
particle_10um_00379.npy332.npy,18.4,174.96296711244273,0.802888882470489,7.0,0.39599999999999996
particle_10um_00380.npy334.npy,19.2,95.02322717524584,0.57445314552834,8.0,0.4335
particle_10um_00381.npy335.npy,16.8,170.77376211169255,0.9294080643171543,6.0,0.317
particle_10um_00382.npy336.npy,21.6,172.131031479241,1.1974663221715085,8.0,0.38249999999999995
particle_10um_00383.npy337.npy,20.8,206.96210466921931,2.116269697567013,8.0,0.354
particle_10um_00383.npy338.npy,20.8,206.6882803032436,2.1193981749832194,8.0,0.39399999999999996
particle_10um_00384.npy339.npy,18.4,194.78973764788117,0.9862170036359454,9.0,0.5105
particle_10um_00389.npy340.npy,20.0,556.9453138308954,2.877604721177929,8.0,0.4105
particle_10um_00392.npy342.npy,19.2,225.2763624430988,1.168652497876282,16.0,0.856
particle_10um_00395.npy343.npy,20.8,120.00331269292074,1.1610152448827855,8.0,0.46799999999999997
particle_10um_00397.npy344.npy,19.2,230.90486994723102,1.0347760304661144,14.0,0.745
particle_10um_00398.npy345.npy,11.2,171.65375135407888,0.9191268926269652,7.0,0.6395
particle_10um_00399.npy347.npy,27.2,171.03094168455058,1.430497561539448,10.0,0.33849999999999997
particle_10um_00400.npy348.npy,19.2,153.98081232146345,0.6446894611570945,13.0,0.74
particle_10um_00405.npy349.npy,13.6,75.16453494428085,1.775124550364925,13.0,0.9445
particle_10um_00405.npy350.npy,9.6,107.63982893076157,1.7021074779904197,8.0,0.754
particle_10um_00405.npy351.npy,9.6,78.59530547516553,1.1209864961663942,4.0,0.3355
particle_10um_00406.npy353.npy,18.4,113.15132890149572,0.5788018715934705,13.0,0.8540000000000001
particle_10um_00407.npy354.npy,20.0,129.52275331237232,0.5889948199480516,18.0,0.969
particle_10um_00408.npy355.npy,18.4,138.26995012158704,0.6023404998248792,7.0,0.44499999999999995
particle_10um_00409.npy356.npy,22.4,113.5706318616422,0.6014725509869331,9.0,0.368
particle_10um_00411.npy357.npy,14.4,656.8225595699504,2.8998019380612985,6.0,0.367
particle_10um_00413.npy359.npy,24.8,200.50814892146659,1.9122192756125491,10.0,0.36900000000000005
particle_10um_00415.npy361.npy,18.4,150.14373657169534,0.6325264499423754,17.0,0.9940000000000001
particle_10um_00431.npy364.npy,23.2,222.71034244405797,1.787641189057905,8.0,0.348
particle_10um_00432.npy365.npy,20.0,102.87880682627687,0.45298842649204407,15.0,0.7699999999999999
particle_10um_00436.npy374.npy,24.0,234.98077517413196,2.4420597391931724,8.0,0.303
particle_10um_00438.npy375.npy,22.4,202.12522636387445,1.6934173788413647,8.0,0.325
particle_10um_00439.npy378.npy,14.4,194.59995747919174,0.7028972600127221,13.0,0.9179999999999999
particle_10um_00440.npy379.npy,21.6,239.89887786546024,1.4393933886782864,8.0,0.333
particle_10um_00441.npy380.npy,21.6,276.6080029610142,1.8779353091833948,9.0,0.3885
particle_10um_00442.npy381.npy,20.0,175.34610218316092,0.7223282353081429,10.0,0.574
particle_10um_00443.npy383.npy,18.4,147.72949474549313,0.6438542670051539,16.0,0.8415
particle_10um_00445.npy385.npy,24.0,92.53455967528531,0.5500342964183048,10.0,0.3885
